File,Dataset_id,GSE_id,Species,Reference,Usage_primary,Usage_tags,Sample_type,Detail_source,Condition,Detailed_condition
GSE166797/GSM5085810_GM12878_rep1_final_analysis.h5mu,GSM5085810_GM12878_rep1,GSE166797,Homo Sapiens,HG38,model_training,model_training;control;cell_line,Cell Line,GM12878 (Cell Line),Healthy/Control,Control
GSE166797/GSM5085812_GM12878_rep2_final_analysis.h5mu,GSM5085812_GM12878_rep2,GSE166797,Homo Sapiens,HG38,model_training,model_training;control;cell_line,Cell Line,GM12878 (Cell Line),Healthy/Control,Control
GSE178379/GSM5694434_HNES1_DUX4_overexpression_final_analysis.h5mu,GSM5694434_HNES1_DUX4_overexpression,GSE178379,Homo Sapiens,HG38,model_training,model_training;induced_model;cell_line;perturbation,Cell Line,HNES1 (Cell Line),Induced Model,DUX4 Overexpression
GSE178453/GSM5391776_HF1M-Cryo_final_analysis.h5mu,GSM5391776_HF1M-Cryo,GSE178453,Homo Sapiens,HG38,model_training,model_training;control,Tissue,Pituitary,Healthy/Control,Control
GSE192780/GSM5765318_012320M-TRM_final_analysis.h5mu,GSM5765318_012320M-TRM,GSE192780,Homo Sapiens,HG38,model_training,model_training;disease_model;cancer,Tissue,Ovary Tumor,Natural Disease,HGSOC
GSE192780/GSM5765320_012320M-ReCir_final_analysis.h5mu,GSM5765320_012320M-ReCir,GSE192780,Homo Sapiens,HG38,model_training,model_training;disease_model;cancer,Tissue,Ovary Tumor,Natural Disease,HGSOC
GSE192780/GSM5765322_100809M-TRM_final_analysis.h5mu,GSM5765322_100809M-TRM,GSE192780,Homo Sapiens,HG38,model_training,model_training;disease_model;cancer,Tissue,Ovary Tumor,Natural Disease,HGSOC
GSE192780/GSM5765324_100809M-ReCir_final_analysis.h5mu,GSM5765324_100809M-ReCir,GSE192780,Homo Sapiens,HG38,model_training,model_training;disease_model;cancer,Tissue,Ovary Tumor,Natural Disease,HGSOC
GSE192780/GSM5765326_042718M-TRM_final_analysis.h5mu,GSM5765326_042718M-TRM,GSE192780,Homo Sapiens,HG38,model_training,model_training;disease_model;cancer,Tissue,Ovary Tumor,Natural Disease,HGSOC
GSE192780/GSM5765328_042718M-ReCir_final_analysis.h5mu,GSM5765328_042718M-ReCir,GSE192780,Homo Sapiens,HG38,model_training,model_training;disease_model;cancer,Tissue,Ovary Tumor,Natural Disease,HGSOC
GSE192780/GSM5765330_041218M-TRM_final_analysis.h5mu,GSM5765330_041218M-TRM,GSE192780,Homo Sapiens,HG38,model_training,model_training;disease_model;cancer,Tissue,Ovary Tumor,Natural Disease,HGSOC
GSE192780/GSM5765332_041218M-ReCir_final_analysis.h5mu,GSM5765332_041218M-ReCir,GSE192780,Homo Sapiens,HG38,model_training,model_training;disease_model;cancer,Tissue,Ovary Tumor,Natural Disease,HGSOC
GSE197912/GSM5932294_H9d7_WT_final_analysis.h5mu,GSM5932294_H9d7_WT,GSE197912,Homo Sapiens,HG38,model_training,model_training;control;cell_line;perturbation;perturbation_control,Cell Line,H9 hESC (Cell Line),Healthy/Control,Control
GSE197912/GSM5932295_H9d7_GRHL2_KO_final_analysis.h5mu,GSM5932295_H9d7_GRHL2_KO,GSE197912,Homo Sapiens,HG38,model_training,model_training;induced_model;cell_line;perturbation,Cell Line,H9 hESC (Cell Line),Induced Model,GRHL2 KO
GSE210736/GSM6436169_CO5M_final_analysis.h5mu,GSM6436169_CO5M,GSE210736,Homo Sapiens,HG38,model_training,model_training;control;cell_line;organoid_or_differentiation_model,Cell Line,Cerebral Organoid (Cell Line),Healthy/Control,Control
GSE210736/GSM6436170_CO8M_final_analysis.h5mu,GSM6436170_CO8M,GSE210736,Homo Sapiens,HG38,model_training,model_training;control;cell_line;organoid_or_differentiation_model,Cell Line,Cerebral Organoid (Cell Line),Healthy/Control,Control
GSE210736/GSM6436171_CO12M_final_analysis.h5mu,GSM6436171_CO12M,GSE210736,Homo Sapiens,HG38,model_training,model_training;control;cell_line;organoid_or_differentiation_model,Cell Line,Cerebral Organoid (Cell Line),Healthy/Control,Control
GSE210736/GSM7869065_5M_CO_2_final_analysis.h5mu,GSM7869065_5M_CO_2,GSE210736,Homo Sapiens,HG38,model_training,model_training;control;cell_line;organoid_or_differentiation_model,Cell Line,Cerebral Organoid (Cell Line),Healthy/Control,Control
GSE210736/GSM7869066_5M_CO_3_final_analysis.h5mu,GSM7869066_5M_CO_3,GSE210736,Homo Sapiens,HG38,model_training,model_training;control;cell_line;organoid_or_differentiation_model,Cell Line,Cerebral Organoid (Cell Line),Healthy/Control,Control
GSE210736/GSM7869067_9M_CO_2_final_analysis.h5mu,GSM7869067_9M_CO_2,GSE210736,Homo Sapiens,HG38,model_training,model_training;control;cell_line;organoid_or_differentiation_model,Cell Line,Cerebral Organoid (Cell Line),Healthy/Control,Control
GSE210736/GSM7869068_9M_CO_3_final_analysis.h5mu,GSM7869068_9M_CO_3,GSE210736,Homo Sapiens,HG38,model_training,model_training;control;cell_line;organoid_or_differentiation_model,Cell Line,Cerebral Organoid (Cell Line),Healthy/Control,Control
GSE210736/GSM7869069_12M_CO_2_final_analysis.h5mu,GSM7869069_12M_CO_2,GSE210736,Homo Sapiens,HG38,model_training,model_training;control;cell_line;organoid_or_differentiation_model,Cell Line,Cerebral Organoid (Cell Line),Healthy/Control,Control
GSE210736/GSM7869070_12M_CO_3_final_analysis.h5mu,GSM7869070_12M_CO_3,GSE210736,Homo Sapiens,HG38,model_training,model_training;control;cell_line;organoid_or_differentiation_model,Cell Line,Cerebral Organoid (Cell Line),Healthy/Control,Control
GSE220144/GSM8187204_sample1_final_analysis.h5mu,GSM8187204_sample1,GSE220144,Homo Sapiens,HG38,model_training,model_training;induced_model;cell_line;cancer;disease_model,Cell Line,MM1S/HS5 Co-Culture (Cell Line),Induced Model,Co-Culture
GSE227280/GSM7094288_noCOVID_final_analysis.h5mu,GSM7094288_noCOVID,GSE227280,Homo Sapiens,None,model_training,model_training;control;cell_line;organoid_or_differentiation_model;perturbation;perturbation_control,Cell Line,Cardiac Organoid (Cell Line),Healthy/Control,Control
GSE227280/GSM7094289_COVID_final_analysis.h5mu,GSM7094289_COVID,GSE227280,Homo Sapiens,None,model_training,model_training;induced_model;cell_line;organoid_or_differentiation_model;perturbation,Cell Line,Cardiac Organoid (Cell Line),Induced Model,SARS-CoV-2 Exposure
GSE237448/GSE237448_BFA_final_analysis.h5mu,GSE237448_BFA,GSE237448,Homo Sapiens,HG38,model_training,model_training;induced_model;perturbation,Tissue,Pancreatic Islet,Induced Model,BFA
GSE237448/GSE237448_CM_final_analysis.h5mu,GSE237448_CM,GSE237448,Homo Sapiens,HG38,model_training,model_training;induced_model;perturbation,Tissue,Pancreatic Islet,Induced Model,Cytokine Mix
GSE237448/GSE237448_DMSO_final_analysis.h5mu,GSE237448_DMSO,GSE237448,Homo Sapiens,HG38,model_training,model_training;control;perturbation;perturbation_control,Tissue,Pancreatic Islet,Healthy/Control,Control
GSE237448/GSE237448_PBS_final_analysis.h5mu,GSE237448_PBS,GSE237448,Homo Sapiens,HG38,model_training,model_training;control;perturbation;perturbation_control,Tissue,Pancreatic Islet,Healthy/Control,Control
GSE238275/GSE238275_final_analysis.h5mu,GSE238275,GSE238275,Homo Sapiens,HG19,model_training,model_training;induced_model;cell_line;organoid_or_differentiation_model;perturbation,Cell Line,Intestinal Stem Cell Model (Cell Line),Induced Model,NEUROG3 Induction
GSE238275/GSM7661371_PS1_final_analysis.h5mu,GSM7661371_PS1,GSE238275,Homo Sapiens,HG19,model_training,model_training;induced_model;cell_line;organoid_or_differentiation_model;perturbation,Cell Line,Intestinal Stem Cell Model (Cell Line),Induced Model,NEUROG3 Induction
GSE238275/GSM7661372_PS3_final_analysis.h5mu,GSM7661372_PS3,GSE238275,Homo Sapiens,HG19,model_training,model_training;induced_model;cell_line;organoid_or_differentiation_model;perturbation,Cell Line,Intestinal Stem Cell Model (Cell Line),Induced Model,NEUROG3 Induction
GSE238275/GSM7661373_PS5_final_analysis.h5mu,GSM7661373_PS5,GSE238275,Homo Sapiens,HG19,model_training,model_training;induced_model;cell_line;organoid_or_differentiation_model;perturbation,Cell Line,Intestinal Stem Cell Model (Cell Line),Induced Model,NEUROG3 Induction
GSE238275/GSM7661374_PS6_final_analysis.h5mu,GSM7661374_PS6,GSE238275,Homo Sapiens,HG19,model_training,model_training;induced_model;cell_line;organoid_or_differentiation_model;perturbation,Cell Line,Intestinal Stem Cell Model (Cell Line),Induced Model,NEUROG3 Induction
GSE238275/GSM7661379_D3Ne_final_analysis.h5mu,GSM7661379_D3Ne,GSE238275,Homo Sapiens,HG19,model_training,model_training;induced_model;cell_line;organoid_or_differentiation_model;perturbation,Cell Line,Intestinal Stem Cell Model (Cell Line),Induced Model,NEUROG3 Induction
GSE238275/GSM7661380_PSD3scram_final_analysis.h5mu,GSM7661380_PSD3scram,GSE238275,Homo Sapiens,HG19,model_training,model_training;induced_model;cell_line;organoid_or_differentiation_model;perturbation,Cell Line,Intestinal Stem Cell Model (Cell Line),Induced Model,NEUROG3 Induction
GSE238275/GSM7661381_PSD6Ne_final_analysis.h5mu,GSM7661381_PSD6Ne,GSE238275,Homo Sapiens,HG19,model_training,model_training;induced_model;cell_line;organoid_or_differentiation_model;perturbation,Cell Line,Intestinal Stem Cell Model (Cell Line),Induced Model,NEUROG3 Induction
GSE238275/GSM7661382_PSD6scram_final_analysis.h5mu,GSM7661382_PSD6scram,GSE238275,Homo Sapiens,HG19,model_training,model_training;induced_model;cell_line;organoid_or_differentiation_model;perturbation,Cell Line,Intestinal Stem Cell Model (Cell Line),Induced Model,NEUROG3 Induction
GSE238275/GSM7661387_PSD3AS_final_analysis.h5mu,GSM7661387_PSD3AS,GSE238275,Homo Sapiens,HG19,model_training,model_training;induced_model;cell_line;organoid_or_differentiation_model;perturbation,Cell Line,Intestinal Stem Cell Model (Cell Line),Induced Model,NEUROG3 Induction
GSE238275/GSM7661388_PSD6AS_final_analysis.h5mu,GSM7661388_PSD6AS,GSE238275,Homo Sapiens,HG19,model_training,model_training;induced_model;cell_line;organoid_or_differentiation_model;perturbation,Cell Line,Intestinal Stem Cell Model (Cell Line),Induced Model,NEUROG3 Induction
GSE238275/GSM7661391_PSD6ND123_final_analysis.h5mu,GSM7661391_PSD6ND123,GSE238275,Homo Sapiens,HG19,model_training,model_training;induced_model;cell_line;organoid_or_differentiation_model;perturbation,Cell Line,Intestinal Stem Cell Model (Cell Line),Induced Model,NEUROG3 Induction
GSE238275/GSM7661393_PSD3ND_final_analysis.h5mu,GSM7661393_PSD3ND,GSE238275,Homo Sapiens,HG19,model_training,model_training;induced_model;cell_line;organoid_or_differentiation_model;perturbation,Cell Line,Intestinal Stem Cell Model (Cell Line),Induced Model,NEUROG3 Induction
GSE238275/GSM7661395_PSD3HES6_final_analysis.h5mu,GSM7661395_PSD3HES6,GSE238275,Homo Sapiens,HG19,model_training,model_training;induced_model;cell_line;organoid_or_differentiation_model;perturbation,Cell Line,Intestinal Stem Cell Model (Cell Line),Induced Model,NEUROG3 Induction
GSE238275/GSM7661396_PSD6HES6_final_analysis.h5mu,GSM7661396_PSD6HES6,GSE238275,Homo Sapiens,HG19,model_training,model_training;induced_model;cell_line;organoid_or_differentiation_model;perturbation,Cell Line,Intestinal Stem Cell Model (Cell Line),Induced Model,NEUROG3 Induction
GSE238276/GSM7661371_PS1_final_analysis.h5mu,GSM7661371_PS1,GSE238276,Homo Sapiens,HG19,model_training,model_training;induced_model;cell_line;organoid_or_differentiation_model;perturbation,Cell Line,Intestinal Stem Cell Model (Cell Line),Induced Model,NEUROG3 Induction
GSE238276/GSM7661372_PS3_final_analysis.h5mu,GSM7661372_PS3,GSE238276,Homo Sapiens,HG19,model_training,model_training;induced_model;cell_line;organoid_or_differentiation_model;perturbation,Cell Line,Intestinal Stem Cell Model (Cell Line),Induced Model,NEUROG3 Induction
GSE238276/GSM7661373_PS5_final_analysis.h5mu,GSM7661373_PS5,GSE238276,Homo Sapiens,HG19,model_training,model_training;induced_model;cell_line;organoid_or_differentiation_model;perturbation,Cell Line,Intestinal Stem Cell Model (Cell Line),Induced Model,NEUROG3 Induction
GSE238276/GSM7661374_PS6_final_analysis.h5mu,GSM7661374_PS6,GSE238276,Homo Sapiens,HG19,model_training,model_training;induced_model;cell_line;organoid_or_differentiation_model;perturbation,Cell Line,Intestinal Stem Cell Model (Cell Line),Induced Model,NEUROG3 Induction
GSE238276/GSM7661379_D3Ne_final_analysis.h5mu,GSM7661379_D3Ne,GSE238276,Homo Sapiens,HG19,model_training,model_training;induced_model;cell_line;organoid_or_differentiation_model;perturbation,Cell Line,Intestinal Stem Cell Model (Cell Line),Induced Model,NEUROG3 Induction
GSE238276/GSM7661380_PSD3scram_final_analysis.h5mu,GSM7661380_PSD3scram,GSE238276,Homo Sapiens,HG19,model_training,model_training;induced_model;cell_line;organoid_or_differentiation_model;perturbation,Cell Line,Intestinal Stem Cell Model (Cell Line),Induced Model,NEUROG3 Induction
GSE238276/GSM7661381_PSD6Ne_final_analysis.h5mu,GSM7661381_PSD6Ne,GSE238276,Homo Sapiens,HG19,model_training,model_training;induced_model;cell_line;organoid_or_differentiation_model;perturbation,Cell Line,Intestinal Stem Cell Model (Cell Line),Induced Model,NEUROG3 Induction
GSE238276/GSM7661382_PSD6scram_final_analysis.h5mu,GSM7661382_PSD6scram,GSE238276,Homo Sapiens,HG19,model_training,model_training;induced_model;cell_line;organoid_or_differentiation_model;perturbation,Cell Line,Intestinal Stem Cell Model (Cell Line),Induced Model,NEUROG3 Induction
GSE238276/GSM7661387_PSD3AS_final_analysis.h5mu,GSM7661387_PSD3AS,GSE238276,Homo Sapiens,HG19,model_training,model_training;induced_model;cell_line;organoid_or_differentiation_model;perturbation,Cell Line,Intestinal Stem Cell Model (Cell Line),Induced Model,NEUROG3 Induction
GSE238276/GSM7661388_PSD6AS_final_analysis.h5mu,GSM7661388_PSD6AS,GSE238276,Homo Sapiens,HG19,model_training,model_training;induced_model;cell_line;organoid_or_differentiation_model;perturbation,Cell Line,Intestinal Stem Cell Model (Cell Line),Induced Model,NEUROG3 Induction
GSE238276/GSM7661391_PSD6ND123_final_analysis.h5mu,GSM7661391_PSD6ND123,GSE238276,Homo Sapiens,HG19,model_training,model_training;induced_model;cell_line;organoid_or_differentiation_model;perturbation,Cell Line,Intestinal Stem Cell Model (Cell Line),Induced Model,NEUROG3 Induction
GSE238276/GSM7661393_PSD3ND_final_analysis.h5mu,GSM7661393_PSD3ND,GSE238276,Homo Sapiens,HG19,model_training,model_training;induced_model;cell_line;organoid_or_differentiation_model;perturbation,Cell Line,Intestinal Stem Cell Model (Cell Line),Induced Model,NEUROG3 Induction
GSE238276/GSM7661395_PSD3HES6_final_analysis.h5mu,GSM7661395_PSD3HES6,GSE238276,Homo Sapiens,HG19,model_training,model_training;induced_model;cell_line;organoid_or_differentiation_model;perturbation,Cell Line,Intestinal Stem Cell Model (Cell Line),Induced Model,NEUROG3 Induction
GSE238276/GSM7661396_PSD6HES6_final_analysis.h5mu,GSM7661396_PSD6HES6,GSE238276,Homo Sapiens,HG19,model_training,model_training;induced_model;cell_line;organoid_or_differentiation_model;perturbation,Cell Line,Intestinal Stem Cell Model (Cell Line),Induced Model,NEUROG3 Induction
GSE239276/GSM7662478_d0_final_analysis.h5mu,GSM7662478_d0,GSE239276,Homo Sapiens,HG38,model_training,model_training;induced_model;cell_line;cancer;disease_model;perturbation,Cell Line,LNCaP (Cell Line),Induced Model,FOXA2 D0
GSE239276/GSM7662479_d14_final_analysis.h5mu,GSM7662479_d14,GSE239276,Homo Sapiens,HG38,model_training,model_training;induced_model;cell_line;cancer;disease_model;perturbation,Cell Line,LNCaP (Cell Line),Induced Model,FOXA2 D14
GSE239276/GSM7662482_d21_add_final_analysis.h5mu,GSM7662482_d21_add,GSE239276,Homo Sapiens,HG38,model_training,model_training;induced_model;cell_line;cancer;disease_model;perturbation,Cell Line,LNCaP (Cell Line),Induced Model,FOXA2 D21
GSE239276/GSM7662482_d21_final_analysis.h5mu,GSM7662482_d21,GSE239276,Homo Sapiens,HG38,model_training,model_training;induced_model;cell_line;cancer;disease_model;perturbation,Cell Line,LNCaP (Cell Line),Induced Model,FOXA2 D21
GSE245998/GSM7853050_eb01_final_analysis.h5mu,GSM7853050_eb01,GSE245998,Homo Sapiens,HG38,model_training,model_training;induced_model;cell_line;organoid_or_differentiation_model;perturbation,Cell Line,2D Gastruloid (Cell Line),Induced Model,BMP4 Differentiation
GSE245998/GSM7853051_eb02_final_analysis.h5mu,GSM7853051_eb02,GSE245998,Homo Sapiens,HG38,model_training,model_training;induced_model;cell_line;organoid_or_differentiation_model;perturbation,Cell Line,2D Gastruloid (Cell Line),Induced Model,BMP4 Differentiation
GSE245998/GSM7853052_eb03_final_analysis.h5mu,GSM7853052_eb03,GSE245998,Homo Sapiens,HG38,model_training,model_training;induced_model;cell_line;organoid_or_differentiation_model;perturbation,Cell Line,2D Gastruloid (Cell Line),Induced Model,BMP4 Differentiation
GSE245998/GSM7853053_eb06_final_analysis.h5mu,GSM7853053_eb06,GSE245998,Homo Sapiens,HG38,model_training,model_training;induced_model;cell_line;organoid_or_differentiation_model;perturbation,Cell Line,2D Gastruloid (Cell Line),Induced Model,BMP4 Differentiation
GSE245998/GSM7853054_eb07_final_analysis.h5mu,GSM7853054_eb07,GSE245998,Homo Sapiens,HG38,model_training,model_training;induced_model;cell_line;organoid_or_differentiation_model;perturbation,Cell Line,2D Gastruloid (Cell Line),Induced Model,BMP4 Differentiation
GSE245998/GSM7853055_eb08_final_analysis.h5mu,GSM7853055_eb08,GSE245998,Homo Sapiens,HG38,model_training,model_training;induced_model;cell_line;organoid_or_differentiation_model;perturbation,Cell Line,2D Gastruloid (Cell Line),Induced Model,BMP4 Differentiation
GSE247442/GSE247442_final_analysis.h5mu,GSE247442,GSE247442,Homo Sapiens,HG38,model_training,model_training;induced_model;cell_line;cancer;disease_model;perturbation,Cell Line,Cancer Cell Line (Cell Line),Induced Model,TEAD Inhibitor Model
GSE249376/GSE249376_teratoma_AGGR_final_analysis.h5mu,GSE249376_teratoma_AGGR,GSE249376,Homo Sapiens,HG38,model_training,model_training;induced_model;cell_line;organoid_or_differentiation_model,Cell Line,Teratoma Model (Cell Line),Induced Model,Teratoma Differentiation
GSE249376/GSM7937719_teratoma_rep1_final_analysis.h5mu,GSM7937719_teratoma_rep1,GSE249376,Homo Sapiens,HG38,model_training,model_training;induced_model;cell_line;organoid_or_differentiation_model,Cell Line,Teratoma Model (Cell Line),Induced Model,Teratoma Differentiation
GSE249376/GSM7937720_teratoma_rep2_final_analysis.h5mu,GSM7937720_teratoma_rep2,GSE249376,Homo Sapiens,HG38,model_training,model_training;induced_model;cell_line;organoid_or_differentiation_model,Cell Line,Teratoma Model (Cell Line),Induced Model,Teratoma Differentiation
GSE249376/GSM7937721_teratoma_rep3_final_analysis.h5mu,GSM7937721_teratoma_rep3,GSE249376,Homo Sapiens,HG38,model_training,model_training;induced_model;cell_line;organoid_or_differentiation_model,Cell Line,Teratoma Model (Cell Line),Induced Model,Teratoma Differentiation
GSE249497/GSM7949039_CS12_01_final_analysis.h5mu,GSM7949039_CS12_01,GSE249497,Homo Sapiens,HG38,model_training,model_training;control,Tissue,Orofacial Tissue,Healthy/Control,Control
GSE249497/GSM7949040_CS12_02_final_analysis.h5mu,GSM7949040_CS12_02,GSE249497,Homo Sapiens,HG38,model_training,model_training;control,Tissue,Orofacial Tissue,Healthy/Control,Control
GSE249497/GSM7949041_CS12_03_final_analysis.h5mu,GSM7949041_CS12_03,GSE249497,Homo Sapiens,HG38,model_training,model_training;control,Tissue,Orofacial Tissue,Healthy/Control,Control
GSE249497/GSM7949042_CS13_01_final_analysis.h5mu,GSM7949042_CS13_01,GSE249497,Homo Sapiens,HG38,model_training,model_training;control,Tissue,Orofacial Tissue,Healthy/Control,Control
GSE249497/GSM7949043_CS13_02_final_analysis.h5mu,GSM7949043_CS13_02,GSE249497,Homo Sapiens,HG38,model_training,model_training;control,Tissue,Orofacial Tissue,Healthy/Control,Control
GSE249497/GSM7949044_CS13_03_final_analysis.h5mu,GSM7949044_CS13_03,GSE249497,Homo Sapiens,HG38,model_training,model_training;control,Tissue,Orofacial Tissue,Healthy/Control,Control
GSE249497/GSM7949045_CS13_04_final_analysis.h5mu,GSM7949045_CS13_04,GSE249497,Homo Sapiens,HG38,model_training,model_training;control,Tissue,Orofacial Tissue,Healthy/Control,Control
GSE249497/GSM7949046_CS13_05_final_analysis.h5mu,GSM7949046_CS13_05,GSE249497,Homo Sapiens,HG38,model_training,model_training;control,Tissue,Orofacial Tissue,Healthy/Control,Control
GSE249497/GSM7949047_CS14_01_final_analysis.h5mu,GSM7949047_CS14_01,GSE249497,Homo Sapiens,HG38,model_training,model_training;control,Tissue,Orofacial Tissue,Healthy/Control,Control
GSE249497/GSM7949048_CS14_02_final_analysis.h5mu,GSM7949048_CS14_02,GSE249497,Homo Sapiens,HG38,model_training,model_training;control,Tissue,Orofacial Tissue,Healthy/Control,Control
GSE249497/GSM7949049_CS14_03_final_analysis.h5mu,GSM7949049_CS14_03,GSE249497,Homo Sapiens,HG38,model_training,model_training;control,Tissue,Orofacial Tissue,Healthy/Control,Control
GSE249497/GSM7949050_CS16_01_final_analysis.h5mu,GSM7949050_CS16_01,GSE249497,Homo Sapiens,HG38,model_training,model_training;control,Tissue,Orofacial Tissue,Healthy/Control,Control
GSE249497/GSM7949051_CS16_02_final_analysis.h5mu,GSM7949051_CS16_02,GSE249497,Homo Sapiens,HG38,model_training,model_training;control,Tissue,Orofacial Tissue,Healthy/Control,Control
GSE249497/GSM7949052_CS17_01_final_analysis.h5mu,GSM7949052_CS17_01,GSE249497,Homo Sapiens,HG38,model_training,model_training;control,Tissue,Orofacial Tissue,Healthy/Control,Control
GSE249497/GSM7949053_CS17_02_final_analysis.h5mu,GSM7949053_CS17_02,GSE249497,Homo Sapiens,HG38,model_training,model_training;control,Tissue,Orofacial Tissue,Healthy/Control,Control
GSE249497/GSM7949054_CS20_01_final_analysis.h5mu,GSM7949054_CS20_01,GSE249497,Homo Sapiens,HG38,model_training,model_training;control,Tissue,Orofacial Tissue,Healthy/Control,Control
GSE249497/GSM7949055_CS20_02_final_analysis.h5mu,GSM7949055_CS20_02,GSE249497,Homo Sapiens,HG38,model_training,model_training;control,Tissue,Orofacial Tissue,Healthy/Control,Control
GSE251813/GSM7988652_eb04_final_analysis.h5mu,GSM7988652_eb04,GSE251813,Homo Sapiens,HG38,model_training,model_training;induced_model;cell_line;organoid_or_differentiation_model;perturbation,Cell Line,2D Gastruloid (Cell Line),Induced Model,BMP4 Differentiation
GSE251813/GSM7988653_eb05_final_analysis.h5mu,GSM7988653_eb05,GSE251813,Homo Sapiens,HG38,model_training,model_training;induced_model;cell_line;organoid_or_differentiation_model;perturbation,Cell Line,2D Gastruloid (Cell Line),Induced Model,BMP4 Differentiation
GSE251813/GSM7988654_eb09_final_analysis.h5mu,GSM7988654_eb09,GSE251813,Homo Sapiens,HG38,model_training,model_training;induced_model;cell_line;organoid_or_differentiation_model;perturbation,Cell Line,2D Gastruloid (Cell Line),Induced Model,BMP4 Differentiation
GSE251813/GSM7988655_eb10_final_analysis.h5mu,GSM7988655_eb10,GSE251813,Homo Sapiens,HG38,model_training,model_training;induced_model;cell_line;organoid_or_differentiation_model;perturbation,Cell Line,2D Gastruloid (Cell Line),Induced Model,BMP4 Differentiation
GSE255646/GSE255646_final_analysis.h5mu,GSE255646,GSE255646,Homo Sapiens,HG38,model_training,model_training;control,Tissue,Mesenchymal Stem Cell,Healthy/Control,Control
GSE256162/GSM8086743_HS57B_multi_final_analysis.h5mu,GSM8086743_HS57B_multi,GSE256162,Homo Sapiens,HG38,model_training,model_training;control,Tissue,Testis,Healthy/Control,Control
GSE256162/GSM8086745_Hs66_multi_final_analysis.h5mu,GSM8086745_Hs66_multi,GSE256162,Homo Sapiens,HG38,model_training,model_training;control,Tissue,Testis,Healthy/Control,Control
GSE262189/GSM8159271_Be2c_final_analysis.h5mu,GSM8159271_Be2c,GSE262189,Homo Sapiens,HG38,model_training,model_training;disease_model;cell_line;cancer,Cell Line,Neuroblastoma Cell Line (Cell Line),Natural Disease,Neuroblastoma
GSE262189/GSM8159273_CHP134_final_analysis.h5mu,GSM8159273_CHP134,GSE262189,Homo Sapiens,HG38,model_training,model_training;disease_model;cell_line;cancer,Cell Line,Neuroblastoma Cell Line (Cell Line),Natural Disease,Neuroblastoma
GSE262189/GSM8159275_SHSY5Y_final_analysis.h5mu,GSM8159275_SHSY5Y,GSE262189,Homo Sapiens,HG38,model_training,model_training;disease_model;cell_line;cancer,Cell Line,Neuroblastoma Cell Line (Cell Line),Natural Disease,Neuroblastoma
GSE262189/GSM8159277_SK.N.AS_final_analysis.h5mu,GSM8159277_SK.N.AS,GSE262189,Homo Sapiens,HG38,model_training,model_training;disease_model;cell_line;cancer,Cell Line,Neuroblastoma Cell Line (Cell Line),Natural Disease,Neuroblastoma
GSE262189/GSM8159279_SK.N.DZ_final_analysis.h5mu,GSM8159279_SK.N.DZ,GSE262189,Homo Sapiens,HG38,model_training,model_training;disease_model;cell_line;cancer,Cell Line,Neuroblastoma Cell Line (Cell Line),Natural Disease,Neuroblastoma
GSE262189/GSM8159281_SK.N.SH_final_analysis.h5mu,GSM8159281_SK.N.SH,GSE262189,Homo Sapiens,HG38,model_training,model_training;disease_model;cell_line;cancer,Cell Line,Neuroblastoma Cell Line (Cell Line),Natural Disease,Neuroblastoma
GSE263178/GSM8187204_sample1_final_analysis.h5mu,GSM8187204_sample1,GSE263178,Homo Sapiens,HG38,model_training,model_training;induced_model;cell_line;cancer;disease_model;perturbation,Cell Line,MM1S/HS5 Co-Culture (Cell Line),Induced Model,Co-Culture
GSE263522/GSM8193977_GR11_Multiome_final_analysis.h5mu,GSM8193977_GR11_Multiome,GSE263522,Homo Sapiens,HG38,model_training,model_training;disease_model;cancer,Tissue,Tumor,Natural Disease,DSRCT
GSE263523/GSM8193977_GR11_Multiome_final_analysis.h5mu,GSM8193977_GR11_Multiome,GSE263523,Homo Sapiens,HG38,model_training,model_training;disease_model;cancer,Tissue,Tumor,Natural Disease,DSRCT
GSE266031/GSE266031_final_analysis.h5mu,GSE266031,GSE266031,Homo Sapiens,HG38,model_training,model_training;induced_model;cell_line;organoid_or_differentiation_model,Cell Line,Cortical Organoid (Cell Line),Induced Model,CHD1L Model
GSE267099/GSE267099_final_analysis.h5mu,GSE267099,GSE267099,Homo Sapiens,HG38,model_training,model_training;control,Tissue,Dendritic Cell,Healthy/Control,Control
GSE267100/GSE267100_final_analysis.h5mu,GSE267100,GSE267100,Homo Sapiens,HG38,model_training,model_training;control,Tissue,Dendritic Cell,Healthy/Control,Control
GSE267174/GSE267174_final_analysis.h5mu,GSE267174,GSE267174,Homo Sapiens,HG38,model_training,model_training;control,Tissue,Dendritic Cell,Healthy/Control,Control
GSE270127/GSM8334928_hs_multiome_PBMC_Lu1024_final_analysis.h5mu,GSM8334928_hs_multiome_PBMC_Lu1024,GSE270127,Homo Sapiens,HG38,model_training,model_training;disease_model;cancer,Tissue,PBMC,Natural Disease,Lung Cancer
GSE270127/GSM8334929_hs_multiome_PBMC_Lu1027_final_analysis.h5mu,GSM8334929_hs_multiome_PBMC_Lu1027,GSE270127,Homo Sapiens,HG38,model_training,model_training;disease_model;cancer,Tissue,PBMC,Natural Disease,Lung Cancer
GSE270127/GSM8334930_hs_multiome_PBMC_Lu1032_final_analysis.h5mu,GSM8334930_hs_multiome_PBMC_Lu1032,GSE270127,Homo Sapiens,HG38,model_training,model_training;disease_model;cancer,Tissue,PBMC,Natural Disease,Lung Cancer
GSE270127/GSM8334931_hs_multiome_PBMC_HD4_final_analysis.h5mu,GSM8334931_hs_multiome_PBMC_HD4,GSE270127,Homo Sapiens,HG38,model_training,model_training;control,Tissue,PBMC,Healthy/Control,Control
GSE270127/GSM8334932_hs_multiome_PBMC_HD5_final_analysis.h5mu,GSM8334932_hs_multiome_PBMC_HD5,GSE270127,Homo Sapiens,HG38,model_training,model_training;control,Tissue,PBMC,Healthy/Control,Control
GSE270504/GSM8345537_cell_384_final_analysis.h5mu,GSM8345537_cell_384,GSE270504,Homo Sapiens,HG38,model_training,model_training;disease_model;cancer,Tissue,Osteosarcoma PDX,Natural Disease,Osteosarcoma PDX
GSE270504/GSM8345539_cell_833_final_analysis.h5mu,GSM8345539_cell_833,GSE270504,Homo Sapiens,HG38,model_training,model_training;disease_model;cancer,Tissue,Osteosarcoma PDX,Natural Disease,Osteosarcoma PDX
GSE272082/GSM8392674_NIH01_final_analysis.h5mu,GSM8392674_NIH01,GSE272082,Homo Sapiens,HG38,model_training,model_training;control,Tissue,Brain,Healthy/Control,Control
GSE272082/GSM8392675_NIH02_final_analysis.h5mu,GSM8392675_NIH02,GSE272082,Homo Sapiens,HG38,model_training,model_training;control,Tissue,Brain,Healthy/Control,Control
GSE272082/GSM8392676_NIH03_final_analysis.h5mu,GSM8392676_NIH03,GSE272082,Homo Sapiens,HG38,model_training,model_training;control,Tissue,Brain,Healthy/Control,Control
GSE272082/GSM8392677_NIH04_final_analysis.h5mu,GSM8392677_NIH04,GSE272082,Homo Sapiens,HG38,model_training,model_training;control,Tissue,Brain,Healthy/Control,Control
GSE272082/GSM8392678_NIH05_final_analysis.h5mu,GSM8392678_NIH05,GSE272082,Homo Sapiens,HG38,model_training,model_training;control,Tissue,Brain,Healthy/Control,Control
GSE272082/GSM8392679_NIH06_final_analysis.h5mu,GSM8392679_NIH06,GSE272082,Homo Sapiens,HG38,model_training,model_training;control,Tissue,Brain,Healthy/Control,Control
GSE272082/GSM8392680_NIH10_final_analysis.h5mu,GSM8392680_NIH10,GSE272082,Homo Sapiens,HG38,model_training,model_training;disease_model,Tissue,Brain,Natural Disease,sEOAD
GSE272082/GSM8392681_NIH11_final_analysis.h5mu,GSM8392681_NIH11,GSE272082,Homo Sapiens,HG38,model_training,model_training;disease_model,Tissue,Brain,Natural Disease,sEOAD
GSE272082/GSM8392682_NIH12_final_analysis.h5mu,GSM8392682_NIH12,GSE272082,Homo Sapiens,HG38,model_training,model_training;disease_model,Tissue,Brain,Natural Disease,sEOAD
GSE272082/GSM8392683_NIH13_final_analysis.h5mu,GSM8392683_NIH13,GSE272082,Homo Sapiens,HG38,model_training,model_training;disease_model,Tissue,Brain,Natural Disease,sEOAD
GSE272082/GSM8392684_NIH14_final_analysis.h5mu,GSM8392684_NIH14,GSE272082,Homo Sapiens,HG38,model_training,model_training;disease_model,Tissue,Brain,Natural Disease,sEOAD
GSE272082/GSM8392685_NIH15_final_analysis.h5mu,GSM8392685_NIH15,GSE272082,Homo Sapiens,HG38,model_training,model_training;disease_model,Tissue,Brain,Natural Disease,sEOAD
GSE272082/GSM8392686_NIH16_final_analysis.h5mu,GSM8392686_NIH16,GSE272082,Homo Sapiens,HG38,model_training,model_training;disease_model,Tissue,Brain,Natural Disease,sEOAD
GSE272082/GSM8392687_NIH17_final_analysis.h5mu,GSM8392687_NIH17,GSE272082,Homo Sapiens,HG38,model_training,model_training;disease_model,Tissue,Brain,Natural Disease,sEOAD
GSE272082/GSM8392688_NIH18_final_analysis.h5mu,GSM8392688_NIH18,GSE272082,Homo Sapiens,HG38,model_training,model_training;disease_model,Tissue,Brain,Natural Disease,sEOAD
GSE272082/GSM8392689_NIH28_final_analysis.h5mu,GSM8392689_NIH28,GSE272082,Homo Sapiens,HG38,model_training,model_training;control,Tissue,Brain,Healthy/Control,Control
GSE272082/GSM8392690_NIH29_final_analysis.h5mu,GSM8392690_NIH29,GSE272082,Homo Sapiens,HG38,model_training,model_training;control,Tissue,Brain,Healthy/Control,Control
GSE272082/GSM8392691_UT04_final_analysis.h5mu,GSM8392691_UT04,GSE272082,Homo Sapiens,HG38,model_training,model_training;control,Tissue,Brain,Healthy/Control,Control
GSE272082/GSM8392692_UT09_final_analysis.h5mu,GSM8392692_UT09,GSE272082,Homo Sapiens,HG38,model_training,model_training;control,Tissue,Brain,Healthy/Control,Control
GSE272082/GSM8392693_UT2105_final_analysis.h5mu,GSM8392693_UT2105,GSE272082,Homo Sapiens,HG38,model_training,model_training;disease_model,Tissue,Brain,Natural Disease,sEOAD
GSE272082/GSM9294031_NIH30_final_analysis.h5mu,GSM9294031_NIH30,GSE272082,Homo Sapiens,HG38,model_training,model_training;control,Tissue,Brain,Healthy/Control,Control
GSE272187/GSE272187_final_analysis.h5mu,GSE272187,GSE272187,Homo Sapiens,HG38,model_training,model_training;disease_model;cell_line;cancer,Cell Line,OCI-AML22 (Cell Line),Natural Disease,AML Model
GSE272707/GSE272707_hSK_1_final_analysis.h5mu,GSE272707_hSK_1,GSE272707,Homo Sapiens,HG38,model_training,model_training;induced_model;organoid_or_differentiation_model,Tissue,Kidney Assembloid (Cell Line),Induced Model,Assembloid Model
GSE272707/GSE272707_hSK_2_final_analysis.h5mu,GSE272707_hSK_2,GSE272707,Homo Sapiens,HG38,model_training,model_training;induced_model;organoid_or_differentiation_model,Tissue,Kidney Assembloid (Cell Line),Induced Model,Assembloid Model
GSE276177/GSM8492626_margin_2_20M_final_analysis.h5mu,GSM8492626_margin_2_20M,GSE276177,Homo Sapiens,HG38,model_training,model_training;disease_model;cancer;perturbation,Tissue,Glioblastoma Tumor,Natural Disease,Tumor Margin
GSE276177/GSM8492628_tumor_2_20T_final_analysis.h5mu,GSM8492628_tumor_2_20T,GSE276177,Homo Sapiens,HG38,model_training,model_training;disease_model;cancer,Tissue,Glioblastoma Tumor,Natural Disease,Tumor
GSE276177/GSM8492630_margin_1_25M_final_analysis.h5mu,GSM8492630_margin_1_25M,GSE276177,Homo Sapiens,HG38,model_training,model_training;disease_model;cancer;perturbation,Tissue,Glioblastoma Tumor,Natural Disease,Tumor Margin
GSE276177/GSM8492632_tumor_3_25T_final_analysis.h5mu,GSM8492632_tumor_3_25T,GSE276177,Homo Sapiens,HG38,model_training,model_training;disease_model;cancer,Tissue,Glioblastoma Tumor,Natural Disease,Tumor
GSE276177/GSM8492634_tumor_1_38T_final_analysis.h5mu,GSM8492634_tumor_1_38T,GSE276177,Homo Sapiens,HG38,model_training,model_training;disease_model;cancer,Tissue,Glioblastoma Tumor,Natural Disease,Tumor
GSE276786/GSE276786_final_analysis.h5mu,GSE276786,GSE276786,Homo Sapiens,HG38,model_training,model_training;induced_model;cell_line,Cell Line,Placental Trophoblast Model (Cell Line),Induced Model,Trophoblast Model
GSE277004/GSM8554306_212454-214122_final_analysis.h5mu,GSM8554306_212454-214122,GSE277004,Homo Sapiens,HG38,model_training,model_training;induced_model;cell_line;cancer;disease_model;perturbation,Cell Line,Leukemia Stem Cell Model (Cell Line),Induced Model,dTAG-13
GSE277004/GSM8554308_212455-214123_final_analysis.h5mu,GSM8554308_212455-214123,GSE277004,Homo Sapiens,HG38,model_training,model_training;induced_model;cell_line;cancer;disease_model;perturbation,Cell Line,Leukemia Stem Cell Model (Cell Line),Induced Model,dTAG-13
GSE277004/GSM8554310_212456-214124_final_analysis.h5mu,GSM8554310_212456-214124,GSE277004,Homo Sapiens,HG38,model_training,model_training;induced_model;cell_line;cancer;disease_model;perturbation,Cell Line,Leukemia Stem Cell Model (Cell Line),Induced Model,Control
GSE277004/GSM8554312_212457-214125_final_analysis.h5mu,GSM8554312_212457-214125,GSE277004,Homo Sapiens,HG38,model_training,model_training;induced_model;cell_line;cancer;disease_model;perturbation,Cell Line,Leukemia Stem Cell Model (Cell Line),Induced Model,dTAG-13
GSE277004/GSM8554314_212458-214126_final_analysis.h5mu,GSM8554314_212458-214126,GSE277004,Homo Sapiens,HG38,model_training,model_training;induced_model;cell_line;cancer;disease_model;perturbation,Cell Line,Leukemia Stem Cell Model (Cell Line),Induced Model,Control
GSE277004/GSM8554316_212460-214128_final_analysis.h5mu,GSM8554316_212460-214128,GSE277004,Homo Sapiens,HG38,model_training,model_training;induced_model;cell_line;cancer;disease_model;perturbation,Cell Line,Leukemia Stem Cell Model (Cell Line),Induced Model,Control
GSE281526/GSE281526_BCM_22_0047_Multiome_fovea_final_analysis.h5mu,GSE281526_BCM_22_0047_Multiome_fovea,GSE281526,Homo Sapiens,HG38,model_training,model_training;control,Tissue,Retina,Healthy/Control,Control
GSE281526/GSE281526_BCM_22_0047_Multiome_macular_s1_final_analysis.h5mu,GSE281526_BCM_22_0047_Multiome_macular_s1,GSE281526,Homo Sapiens,HG38,model_training,model_training;control,Tissue,Retina,Healthy/Control,Control
GSE281526/GSE281526_BCM_22_0047_Multiome_macular_s2_final_analysis.h5mu,GSE281526_BCM_22_0047_Multiome_macular_s2,GSE281526,Homo Sapiens,HG38,model_training,model_training;control,Tissue,Retina,Healthy/Control,Control
GSE281526/GSE281526_BCM_22_0200_Multiome_fovea_1_final_analysis.h5mu,GSE281526_BCM_22_0200_Multiome_fovea_1,GSE281526,Homo Sapiens,HG38,model_training,model_training;control,Tissue,Retina,Healthy/Control,Control
GSE281526/GSE281526_BCM_22_0200_Multiome_fovea_2_final_analysis.h5mu,GSE281526_BCM_22_0200_Multiome_fovea_2,GSE281526,Homo Sapiens,HG38,model_training,model_training;control,Tissue,Retina,Healthy/Control,Control
GSE281526/GSE281526_BCM_22_0458_Multiome_fovea_s1_1_final_analysis.h5mu,GSE281526_BCM_22_0458_Multiome_fovea_s1_1,GSE281526,Homo Sapiens,HG38,model_training,model_training;control,Tissue,Retina,Healthy/Control,Control
GSE281526/GSE281526_BCM_22_0458_Multiome_fovea_s1_2_final_analysis.h5mu,GSE281526_BCM_22_0458_Multiome_fovea_s1_2,GSE281526,Homo Sapiens,HG38,model_training,model_training;control,Tissue,Retina,Healthy/Control,Control
GSE281526/GSE281526_BCM_22_0458_Multiome_fovea_s2_final_analysis.h5mu,GSE281526_BCM_22_0458_Multiome_fovea_s2,GSE281526,Homo Sapiens,HG38,model_training,model_training;control,Tissue,Retina,Healthy/Control,Control
GSE281526/GSE281526_MMD_22_02443_Multiome_macular_final_analysis.h5mu,GSE281526_MMD_22_02443_Multiome_macular,GSE281526,Homo Sapiens,HG38,model_training,model_training;control,Tissue,Retina,Healthy/Control,Control
GSE281526/GSE281526_MMD_22_16477_Multiome_macular_final_analysis.h5mu,GSE281526_MMD_22_16477_Multiome_macular,GSE281526,Homo Sapiens,HG38,model_training,model_training;control,Tissue,Retina,Healthy/Control,Control
GSE281526/GSM8554306_212454-214122_final_analysis.h5mu,GSM8554306_212454-214122,GSE281526,Homo Sapiens,HG38,model_training,model_training;control,Tissue,Retina,Healthy/Control,Control
GSE281526/GSM8554308_212455-214123_final_analysis.h5mu,GSM8554308_212455-214123,GSE281526,Homo Sapiens,HG38,model_training,model_training;control,Tissue,Retina,Healthy/Control,Control
GSE281526/GSM8554310_212456-214124_final_analysis.h5mu,GSM8554310_212456-214124,GSE281526,Homo Sapiens,HG38,model_training,model_training;control,Tissue,Retina,Healthy/Control,Control
GSE281526/GSM8554312_212457-214125_final_analysis.h5mu,GSM8554312_212457-214125,GSE281526,Homo Sapiens,HG38,model_training,model_training;control,Tissue,Retina,Healthy/Control,Control
GSE281526/GSM8554314_212458-214126_final_analysis.h5mu,GSM8554314_212458-214126,GSE281526,Homo Sapiens,HG38,model_training,model_training;control,Tissue,Retina,Healthy/Control,Control
GSE281526/GSM8554316_212460-214128_final_analysis.h5mu,GSM8554316_212460-214128,GSE281526,Homo Sapiens,HG38,model_training,model_training;control,Tissue,Retina,Healthy/Control,Control
GSE283606/GSE283606_final_analysis.h5mu,GSE283606,GSE283606,Homo Sapiens,HG38,model_training,model_training;disease_model;cancer,Tissue,Medulloblastoma PDX,Natural Disease,Medulloblastoma PDX
GSE286205/GSM8720909_KRAB_scMulti_final_analysis.h5mu,GSM8720909_KRAB_scMulti,GSE286205,Homo Sapiens,HG19,model_training,model_training;induced_model;cell_line;perturbation,Cell Line,HAP1 (Cell Line),Induced Model,CRISPRi/KRAB
GSE286205/GSM8720910_KRAB_final_analysis.h5mu,GSM8720910_KRAB,GSE286205,Homo Sapiens,HG19,model_training,model_training;induced_model;cell_line;perturbation,Cell Line,HAP1 (Cell Line),Induced Model,CRISPRi/KRAB
GSE286205/GSM8720912_VP64_scMulti_final_analysis.h5mu,GSM8720912_VP64_scMulti,GSE286205,Homo Sapiens,HG19,model_training,model_training;induced_model;cell_line;perturbation,Cell Line,HAP1 (Cell Line),Induced Model,CRISPRa/VP64
GSE286205/GSM8720913_VP64_final_analysis.h5mu,GSM8720913_VP64,GSE286205,Homo Sapiens,HG19,model_training,model_training;induced_model;cell_line;perturbation,Cell Line,HAP1 (Cell Line),Induced Model,CRISPRa/VP64
GSE286205/GSM8720915_Cas9_scMulti_final_analysis.h5mu,GSM8720915_Cas9_scMulti,GSE286205,Homo Sapiens,HG19,model_training,model_training;induced_model;cell_line;perturbation,Cell Line,HAP1 (Cell Line),Induced Model,Control
GSE286205/GSM8720916_Cas9_final_analysis.h5mu,GSM8720916_Cas9,GSE286205,Homo Sapiens,HG19,model_training,model_training;induced_model;cell_line;perturbation,Cell Line,HAP1 (Cell Line),Induced Model,Control
GSE286226/GSM8720909_KRAB_scMulti_final_analysis.h5mu,GSM8720909_KRAB_scMulti,GSE286226,Homo Sapiens,HG19,model_training,model_training;induced_model;cell_line;perturbation,Cell Line,HAP1 (Cell Line),Induced Model,CRISPRi/KRAB
GSE286226/GSM8720910_KRAB_final_analysis.h5mu,GSM8720910_KRAB,GSE286226,Homo Sapiens,HG19,model_training,model_training;induced_model;cell_line;perturbation,Cell Line,HAP1 (Cell Line),Induced Model,CRISPRi/KRAB
GSE286226/GSM8720912_VP64_scMulti_final_analysis.h5mu,GSM8720912_VP64_scMulti,GSE286226,Homo Sapiens,HG19,model_training,model_training;induced_model;cell_line;perturbation,Cell Line,HAP1 (Cell Line),Induced Model,CRISPRa/VP64
GSE286226/GSM8720913_VP64_final_analysis.h5mu,GSM8720913_VP64,GSE286226,Homo Sapiens,HG19,model_training,model_training;induced_model;cell_line;perturbation,Cell Line,HAP1 (Cell Line),Induced Model,CRISPRa/VP64
GSE286226/GSM8720915_Cas9_scMulti_final_analysis.h5mu,GSM8720915_Cas9_scMulti,GSE286226,Homo Sapiens,HG19,model_training,model_training;induced_model;cell_line;perturbation,Cell Line,HAP1 (Cell Line),Induced Model,Control
GSE286226/GSM8720916_Cas9_final_analysis.h5mu,GSM8720916_Cas9,GSE286226,Homo Sapiens,HG19,model_training,model_training;induced_model;cell_line;perturbation,Cell Line,HAP1 (Cell Line),Induced Model,Control
GSE291282/GSM8832709_D0_final_analysis.h5mu,GSM8832709_D0,GSE291282,Homo Sapiens,HG38,model_training,model_training;disease_model;cell_line;organoid_or_differentiation_model;cancer,Cell Line,Prostate Cancer Organoid (Cell Line),Natural Disease,Control
GSE291282/GSM8832711_D7_Control_final_analysis.h5mu,GSM8832711_D7_Control,GSE291282,Homo Sapiens,HG38,model_training,model_training;disease_model;cell_line;organoid_or_differentiation_model;cancer,Cell Line,Prostate Cancer Organoid (Cell Line),Natural Disease,Control
GSE291282/GSM8832713_D7_KD_final_analysis.h5mu,GSM8832713_D7_KD,GSE291282,Homo Sapiens,HG38,model_training,model_training;induced_model;cell_line;organoid_or_differentiation_model;cancer;disease_model;perturbation,Cell Line,Prostate Cancer Organoid (Cell Line),Induced Model,KMT2D KD
GSE292095/GSM8848833_PDAC01_final_analysis.h5mu,GSM8848833_PDAC01,GSE292095,Homo Sapiens,HG38,model_training,model_training;disease_model;cancer,Tissue,Pancreas Tumor,Natural Disease,PDAC
GSE292095/GSM8848835_PDAC02_final_analysis.h5mu,GSM8848835_PDAC02,GSE292095,Homo Sapiens,HG38,model_training,model_training;disease_model;cancer,Tissue,Pancreas Tumor,Natural Disease,PDAC
GSE292095/GSM8848837_PDAC03_final_analysis.h5mu,GSM8848837_PDAC03,GSE292095,Homo Sapiens,HG38,model_training,model_training;disease_model;cancer,Tissue,Pancreas Tumor,Natural Disease,PDAC
GSE292095/GSM8848839_PDAC04_final_analysis.h5mu,GSM8848839_PDAC04,GSE292095,Homo Sapiens,HG38,model_training,model_training;disease_model;cancer,Tissue,Pancreas Tumor,Natural Disease,PDAC
GSE292095/GSM8848841_PDAC05_final_analysis.h5mu,GSM8848841_PDAC05,GSE292095,Homo Sapiens,HG38,model_training,model_training;disease_model;cancer,Tissue,Pancreas Tumor,Natural Disease,PDAC
GSE292095/GSM8848843_PDAC06_final_analysis.h5mu,GSM8848843_PDAC06,GSE292095,Homo Sapiens,HG38,model_training,model_training;disease_model;cancer,Tissue,Pancreas Tumor,Natural Disease,PDAC
GSE295166/GSE295166_CTRL2_B1_final_analysis.h5mu,GSE295166_CTRL2_B1,GSE295166,Homo Sapiens,HG38,model_training,model_training;control;cell_line;organoid_or_differentiation_model,Cell Line,Cortical Organoid (Cell Line),Healthy/Control,Control
GSE295166/GSE295166_CTRL3_B1_final_analysis.h5mu,GSE295166_CTRL3_B1,GSE295166,Homo Sapiens,HG38,model_training,model_training;control;cell_line;organoid_or_differentiation_model,Cell Line,Cortical Organoid (Cell Line),Healthy/Control,Control
GSE295166/GSE295166_SMS2_B1_final_analysis.h5mu,GSE295166_SMS2_B1,GSE295166,Homo Sapiens,HG38,model_training,model_training;disease_model;cell_line;organoid_or_differentiation_model,Cell Line,Cortical Organoid (Cell Line),Natural Disease,SMS
GSE295977/GSM8962762_Multiome1_final_analysis.h5mu,GSM8962762_Multiome1,GSE295977,Homo Sapiens,HG38,model_training,model_training;disease_model;cancer,Tissue,Lung Tumor,Natural Disease,Lung Cancer
GSE296599/GSM8973261_final_analysis.h5mu,GSM8973261,GSE296599,Homo Sapiens,HG38,model_training,model_training;disease_model;cancer,Tissue,Ovary Tumor,Natural Disease,HGSOC
GSE296943/GSE296943_Control1_final_analysis.h5mu,GSE296943_Control1,GSE296943,Homo Sapiens,HG38,model_training,model_training;control;perturbation,Tissue,Brain,Healthy/Control,Control
GSE296943/GSE296943_Control2_final_analysis.h5mu,GSE296943_Control2,GSE296943,Homo Sapiens,HG38,model_training,model_training;control;perturbation,Tissue,Brain,Healthy/Control,Control
GSE296943/GSE296943_Hand1_final_analysis.h5mu,GSE296943_Hand1,GSE296943,Homo Sapiens,HG38,model_training,model_training;disease_model;perturbation,Tissue,Brain,Natural Disease,HAND
GSE296943/GSE296943_Hand2_final_analysis.h5mu,GSE296943_Hand2,GSE296943,Homo Sapiens,HG38,model_training,model_training;disease_model;perturbation,Tissue,Brain,Natural Disease,HAND
GSE297350/GSM8989065_final_analysis.h5mu,GSM8989065,GSE297350,Homo Sapiens,HG38,model_training,model_training;disease_model;cancer,Tissue,Ovary Tumor,Natural Disease,HGSOC
GSE297529/GSM8994059_HC01_final_analysis.h5mu,GSM8994059_HC01,GSE297529,Homo Sapiens,HG38,model_training,model_training;control,Tissue,PBMC,Healthy/Control,Control
GSE297529/GSM8994060_HC02_final_analysis.h5mu,GSM8994060_HC02,GSE297529,Homo Sapiens,HG38,model_training,model_training;control,Tissue,PBMC,Healthy/Control,Control
GSE297529/GSM8994061_HC03_final_analysis.h5mu,GSM8994061_HC03,GSE297529,Homo Sapiens,HG38,model_training,model_training;control,Tissue,PBMC,Healthy/Control,Control
GSE297529/GSM8994062_PB01_final_analysis.h5mu,GSM8994062_PB01,GSE297529,Homo Sapiens,HG38,model_training,model_training;disease_model,Tissue,PBMC,Natural Disease,COVID-19
GSE297529/GSM8994063_PB02_final_analysis.h5mu,GSM8994063_PB02,GSE297529,Homo Sapiens,HG38,model_training,model_training;disease_model,Tissue,PBMC,Natural Disease,COVID-19
GSE297529/GSM8994064_PB03_final_analysis.h5mu,GSM8994064_PB03,GSE297529,Homo Sapiens,HG38,model_training,model_training;disease_model,Tissue,PBMC,Natural Disease,COVID-19
GSE297529/GSM8994065_PB04_final_analysis.h5mu,GSM8994065_PB04,GSE297529,Homo Sapiens,HG38,model_training,model_training;disease_model,Tissue,PBMC,Natural Disease,COVID-19
GSE297529/GSM8994066_PB05_final_analysis.h5mu,GSM8994066_PB05,GSE297529,Homo Sapiens,HG38,model_training,model_training;disease_model,Tissue,PBMC,Natural Disease,COVID-19
GSE297529/GSM8994067_PB06_final_analysis.h5mu,GSM8994067_PB06,GSE297529,Homo Sapiens,HG38,model_training,model_training;disease_model,Tissue,PBMC,Natural Disease,COVID-19
GSE297529/GSM8994069_PB08_final_analysis.h5mu,GSM8994069_PB08,GSE297529,Homo Sapiens,HG38,model_training,model_training;disease_model,Tissue,PBMC,Natural Disease,COVID-19
GSE297529/GSM8994070_PB09_final_analysis.h5mu,GSM8994070_PB09,GSE297529,Homo Sapiens,HG38,model_training,model_training;disease_model,Tissue,PBMC,Natural Disease,COVID-19
GSE297529/GSM8994071_PB10_final_analysis.h5mu,GSM8994071_PB10,GSE297529,Homo Sapiens,HG38,model_training,model_training;disease_model,Tissue,PBMC,Natural Disease,COVID-19
GSE297529/GSM8994072_PB11_final_analysis.h5mu,GSM8994072_PB11,GSE297529,Homo Sapiens,HG38,model_training,model_training;disease_model,Tissue,PBMC,Natural Disease,COVID-19
GSE297529/GSM8994073_PB12_final_analysis.h5mu,GSM8994073_PB12,GSE297529,Homo Sapiens,HG38,model_training,model_training;disease_model,Tissue,PBMC,Natural Disease,COVID-19
GSE297529/GSM8994074_PB13_final_analysis.h5mu,GSM8994074_PB13,GSE297529,Homo Sapiens,HG38,model_training,model_training;disease_model,Tissue,PBMC,Natural Disease,COVID-19
GSE297529/GSM8994075_PB14_final_analysis.h5mu,GSM8994075_PB14,GSE297529,Homo Sapiens,HG38,model_training,model_training;disease_model,Tissue,PBMC,Natural Disease,COVID-19
GSE299801/GSM9046296_subject_5_final_analysis.h5mu,GSM9046296_subject_5,GSE299801,Homo Sapiens,HG38,model_training,model_training;induced_model;perturbation,Tissue,PBMC,Induced Model,HPV Vaccine Response
GSE299801/GSM9046298_subject_6_final_analysis.h5mu,GSM9046298_subject_6,GSE299801,Homo Sapiens,HG38,model_training,model_training;induced_model;perturbation,Tissue,PBMC,Induced Model,HPV Vaccine Response
GSE299801/GSM9046300_subject_7_final_analysis.h5mu,GSM9046300_subject_7,GSE299801,Homo Sapiens,HG38,model_training,model_training;induced_model;perturbation,Tissue,PBMC,Induced Model,HPV Vaccine Response
GSE299801/GSM9046302_subject_8_final_analysis.h5mu,GSM9046302_subject_8,GSE299801,Homo Sapiens,HG38,model_training,model_training;induced_model;perturbation,Tissue,PBMC,Induced Model,HPV Vaccine Response
GSE299801/GSM9046304_subject_9_final_analysis.h5mu,GSM9046304_subject_9,GSE299801,Homo Sapiens,HG38,model_training,model_training;induced_model;perturbation,Tissue,PBMC,Induced Model,HPV Vaccine Response
GSE299801/GSM9046306_subject_10_final_analysis.h5mu,GSM9046306_subject_10,GSE299801,Homo Sapiens,HG38,model_training,model_training;induced_model;perturbation,Tissue,PBMC,Induced Model,HPV Vaccine Response
GSE299801/GSM9046308_subject_13_final_analysis.h5mu,GSM9046308_subject_13,GSE299801,Homo Sapiens,HG38,model_training,model_training;induced_model;perturbation,Tissue,PBMC,Induced Model,HPV Vaccine Response
GSE299801/GSM9046310_subject_14_final_analysis.h5mu,GSM9046310_subject_14,GSE299801,Homo Sapiens,HG38,model_training,model_training;induced_model;perturbation,Tissue,PBMC,Induced Model,HPV Vaccine Response
GSE302266/GSM9100653_Day7_filtered_feature_bc_matrix_final_analysis.h5mu,GSM9100653_Day7_filtered_feature_bc_matrix,GSE302266,Homo Sapiens,HG38,model_training,model_training;induced_model;cell_line;organoid_or_differentiation_model,Cell Line,Kidney Organoid (Cell Line),Induced Model,Day 7
GSE302266/GSM9100655_Day12_filtered_feature_bc_matrix_final_analysis.h5mu,GSM9100655_Day12_filtered_feature_bc_matrix,GSE302266,Homo Sapiens,HG38,model_training,model_training;induced_model;cell_line;organoid_or_differentiation_model,Cell Line,Kidney Organoid (Cell Line),Induced Model,Day 12
GSE302266/GSM9100657_Day19_filtered_feature_bc_matrix_final_analysis.h5mu,GSM9100657_Day19_filtered_feature_bc_matrix,GSE302266,Homo Sapiens,HG38,model_training,model_training;induced_model;cell_line;organoid_or_differentiation_model,Cell Line,Kidney Organoid (Cell Line),Induced Model,Day 19
GSE302266/GSM9100659_Day25_filtered_feature_bc_matrix_final_analysis.h5mu,GSM9100659_Day25_filtered_feature_bc_matrix,GSE302266,Homo Sapiens,HG38,model_training,model_training;induced_model;cell_line;organoid_or_differentiation_model,Cell Line,Kidney Organoid (Cell Line),Induced Model,Day 25
GSE302350/GSM9102443_19235RX1_final_analysis.h5mu,GSM9102443_19235RX1,GSE302350,Homo Sapiens,None,model_training,model_training;control;cell_line;organoid_or_differentiation_model;perturbation;perturbation_control,Cell Line,Cerebral Organoid (Cell Line),Healthy/Control,Control
GSE302350/GSM9102444_19235RX2_final_analysis.h5mu,GSM9102444_19235RX2,GSE302350,Homo Sapiens,None,model_training,model_training;control;cell_line;organoid_or_differentiation_model;perturbation;perturbation_control,Cell Line,Cerebral Organoid (Cell Line),Healthy/Control,Control
GSE302350/GSM9102445_19235RX3_final_analysis.h5mu,GSM9102445_19235RX3,GSE302350,Homo Sapiens,None,model_training,model_training;induced_model;cell_line;organoid_or_differentiation_model;perturbation,Cell Line,Cerebral Organoid (Cell Line),Induced Model,KMT2D KO
GSE302350/GSM9102446_19235RX4_final_analysis.h5mu,GSM9102446_19235RX4,GSE302350,Homo Sapiens,None,model_training,model_training;induced_model;cell_line;organoid_or_differentiation_model;perturbation,Cell Line,Cerebral Organoid (Cell Line),Induced Model,KMT2D KO
GSE302350/GSM9102447_19311RX1_final_analysis.h5mu,GSM9102447_19311RX1,GSE302350,Homo Sapiens,None,model_training,model_training;control;cell_line;organoid_or_differentiation_model;perturbation;perturbation_control,Cell Line,Cerebral Organoid (Cell Line),Healthy/Control,Control
GSE302350/GSM9102448_19311RX2_final_analysis.h5mu,GSM9102448_19311RX2,GSE302350,Homo Sapiens,None,model_training,model_training;control;cell_line;organoid_or_differentiation_model;perturbation;perturbation_control,Cell Line,Cerebral Organoid (Cell Line),Healthy/Control,Control
GSE302350/GSM9102449_19311RX3_final_analysis.h5mu,GSM9102449_19311RX3,GSE302350,Homo Sapiens,None,model_training,model_training;induced_model;cell_line;organoid_or_differentiation_model;perturbation,Cell Line,Cerebral Organoid (Cell Line),Induced Model,KMT2D KO
GSE302350/GSM9102450_19311RX4_final_analysis.h5mu,GSM9102450_19311RX4,GSE302350,Homo Sapiens,None,model_training,model_training;induced_model;cell_line;organoid_or_differentiation_model;perturbation,Cell Line,Cerebral Organoid (Cell Line),Induced Model,KMT2D KO
GSE307240/GSM9219737_PDX_OS107_final_analysis.h5mu,GSM9219737_PDX_OS107,GSE307240,Homo Sapiens,HG38,model_training,model_training;disease_model;cancer,Tissue,Osteosarcoma PDX,Natural Disease,Osteosarcoma PDX
GSE307240/GSM9219739_PDX_OS526_final_analysis.h5mu,GSM9219739_PDX_OS526,GSE307240,Homo Sapiens,HG38,model_training,model_training;disease_model;cancer,Tissue,Osteosarcoma PDX,Natural Disease,Osteosarcoma PDX
GSE307240/GSM9219741_PDX_OS774_final_analysis.h5mu,GSM9219741_PDX_OS774,GSE307240,Homo Sapiens,HG38,model_training,model_training;disease_model;cancer,Tissue,Osteosarcoma PDX,Natural Disease,Osteosarcoma PDX
GSE307240/GSM9219743_PDX_OS833_final_analysis.h5mu,GSM9219743_PDX_OS833,GSE307240,Homo Sapiens,HG38,model_training,model_training;disease_model;cancer,Tissue,Osteosarcoma PDX,Natural Disease,Osteosarcoma PDX
GSE307240/GSM9219745_PDX_384_atac_final_analysis.h5mu,GSM9219745_PDX_384_atac,GSE307240,Homo Sapiens,HG38,model_training,model_training;disease_model;cancer,Tissue,Osteosarcoma PDX,Natural Disease,Osteosarcoma PDX
GSE309268/GSM9264129_UPN2855P_final_analysis.h5mu,GSM9264129_UPN2855P,GSE309268,Homo Sapiens,HG38,model_training,model_training;disease_model;cancer,Tissue,Neuroblastoma Tumor,Natural Disease,Primary Tumor
GSE309268/GSM9264131_UPN3651P_final_analysis.h5mu,GSM9264131_UPN3651P,GSE309268,Homo Sapiens,HG38,model_training,model_training;disease_model;cancer,Tissue,Neuroblastoma Tumor,Natural Disease,Primary Tumor
GSE309268/GSM9264133_UPN3031P_final_analysis.h5mu,GSM9264133_UPN3031P,GSE309268,Homo Sapiens,HG38,model_training,model_training;disease_model;cancer,Tissue,Neuroblastoma Tumor,Natural Disease,Primary Tumor
GSE309268/GSM9264135_UPN2045P_final_analysis.h5mu,GSM9264135_UPN2045P,GSE309268,Homo Sapiens,HG38,model_training,model_training;disease_model;cancer,Tissue,Neuroblastoma Tumor,Natural Disease,Primary Tumor
GSE309268/GSM9264137_UPN200M_final_analysis.h5mu,GSM9264137_UPN200M,GSE309268,Homo Sapiens,HG38,model_training,model_training;disease_model;cancer,Tissue,Neuroblastoma Tumor,Natural Disease,Metastasis
GSE309268/GSM9264139_UPN3284M_final_analysis.h5mu,GSM9264139_UPN3284M,GSE309268,Homo Sapiens,HG38,model_training,model_training;disease_model;cancer,Tissue,Neuroblastoma Tumor,Natural Disease,Metastasis
GSE309268/GSM9264141_UPN2099M_final_analysis.h5mu,GSM9264141_UPN2099M,GSE309268,Homo Sapiens,HG38,model_training,model_training;disease_model;cancer,Tissue,Neuroblastoma Tumor,Natural Disease,Metastasis
GSE309268/GSM9264143_UPN2792M_final_analysis.h5mu,GSM9264143_UPN2792M,GSE309268,Homo Sapiens,HG38,model_training,model_training;disease_model;cancer,Tissue,Neuroblastoma Tumor,Natural Disease,Metastasis
GSE309268/GSM9264145_UPN200P_final_analysis.h5mu,GSM9264145_UPN200P,GSE309268,Homo Sapiens,HG38,model_training,model_training;disease_model;cancer,Tissue,Neuroblastoma Tumor,Natural Disease,Primary Tumor
GSE309268/GSM9264146_UPN3284P_final_analysis.h5mu,GSM9264146_UPN3284P,GSE309268,Homo Sapiens,HG38,model_training,model_training;disease_model;cancer,Tissue,Neuroblastoma Tumor,Natural Disease,Primary Tumor
GSE309268/GSM9264147_UPN1177M_final_analysis.h5mu,GSM9264147_UPN1177M,GSE309268,Homo Sapiens,HG38,model_training,model_training;disease_model;cancer,Tissue,Neuroblastoma Tumor,Natural Disease,Metastasis
GSE311423/GSM9324874_LI004_gex_final_analysis.h5mu,GSM9324874_LI004_gex,GSE311423,Homo Sapiens,HG38,model_training,model_training;control,Tissue,Spleen,Healthy/Control,Control
GSE311423/GSM9324876_LI018_gex_final_analysis.h5mu,GSM9324876_LI018_gex,GSE311423,Homo Sapiens,HG38,model_training,model_training;control,Tissue,Spleen,Healthy/Control,Control
GSE311423/GSM9324878_HDL163_gex_final_analysis.h5mu,GSM9324878_HDL163_gex,GSE311423,Homo Sapiens,HG38,model_training,model_training;control,Tissue,Spleen,Healthy/Control,Control
GSE311423/GSM9324880_PDC142_gex_final_analysis.h5mu,GSM9324880_PDC142_gex,GSE311423,Homo Sapiens,HG38,model_training,model_training;control,Tissue,Spleen,Healthy/Control,Control
GSE311423/GSM9324882_PDC149_gex_final_analysis.h5mu,GSM9324882_PDC149_gex,GSE311423,Homo Sapiens,HG38,model_training,model_training;control,Tissue,Spleen,Healthy/Control,Control
GSE319044/GSE319044_Lung_aggr_final_analysis.h5mu,GSE319044_Lung_aggr,GSE319044,Homo Sapiens,HG38,model_training,model_training;control,Tissue,Lung,Healthy/Control,Control
GSE319044/GSE319044_Spleen_aggr_final_analysis.h5mu,GSE319044_Spleen_aggr,GSE319044,Homo Sapiens,HG38,model_training,model_training;control,Tissue,Spleen,Healthy/Control,Control
GSE319044/GSM9508610_Lung-COB-11_final_analysis.h5mu,GSM9508610_Lung-COB-11,GSE319044,Homo Sapiens,HG38,model_training,model_training;control,Tissue,Lung,Healthy/Control,Control
GSE319044/GSM9508611_Lung-COB-5_final_analysis.h5mu,GSM9508611_Lung-COB-5,GSE319044,Homo Sapiens,HG38,model_training,model_training;control,Tissue,Lung,Healthy/Control,Control
GSE319044/GSM9508612_Lung-COB-6_final_analysis.h5mu,GSM9508612_Lung-COB-6,GSE319044,Homo Sapiens,HG38,model_training,model_training;control,Tissue,Lung,Healthy/Control,Control
GSE319044/GSM9508613_Lung-SMO-05_final_analysis.h5mu,GSM9508613_Lung-SMO-05,GSE319044,Homo Sapiens,HG38,model_training,model_training;control,Tissue,Lung,Healthy/Control,Control
GSE319044/GSM9508614_Lung-SMO-07_final_analysis.h5mu,GSM9508614_Lung-SMO-07,GSE319044,Homo Sapiens,HG38,model_training,model_training;control,Tissue,Lung,Healthy/Control,Control
GSE319044/GSM9508615_Lung-SMO-08_final_analysis.h5mu,GSM9508615_Lung-SMO-08,GSE319044,Homo Sapiens,HG38,model_training,model_training;control,Tissue,Lung,Healthy/Control,Control
GSE319044/GSM9508616_Lung-SMO-09_final_analysis.h5mu,GSM9508616_Lung-SMO-09,GSE319044,Homo Sapiens,HG38,model_training,model_training;control,Tissue,Lung,Healthy/Control,Control
GSE319044/GSM9508617_Lung-SMO-2_final_analysis.h5mu,GSM9508617_Lung-SMO-2,GSE319044,Homo Sapiens,HG38,model_training,model_training;control,Tissue,Lung,Healthy/Control,Control
GSE319044/GSM9508618_Lung-SMO-3_final_analysis.h5mu,GSM9508618_Lung-SMO-3,GSE319044,Homo Sapiens,HG38,model_training,model_training;control,Tissue,Lung,Healthy/Control,Control
GSE319044/GSM9508628_Spleen-COB-10_final_analysis.h5mu,GSM9508628_Spleen-COB-10,GSE319044,Homo Sapiens,HG38,model_training,model_training;control,Tissue,Spleen,Healthy/Control,Control
GSE319044/GSM9508629_Spleen-COB-7_final_analysis.h5mu,GSM9508629_Spleen-COB-7,GSE319044,Homo Sapiens,HG38,model_training,model_training;control,Tissue,Spleen,Healthy/Control,Control
GSE319044/GSM9508630_Spleen-COB-8_final_analysis.h5mu,GSM9508630_Spleen-COB-8,GSE319044,Homo Sapiens,HG38,model_training,model_training;control,Tissue,Spleen,Healthy/Control,Control
GSE319044/GSM9508631_Spleen-COB-9_final_analysis.h5mu,GSM9508631_Spleen-COB-9,GSE319044,Homo Sapiens,HG38,model_training,model_training;control,Tissue,Spleen,Healthy/Control,Control
GSE319044/GSM9508632_Spleen-SMO-04_final_analysis.h5mu,GSM9508632_Spleen-SMO-04,GSE319044,Homo Sapiens,HG38,model_training,model_training;control,Tissue,Spleen,Healthy/Control,Control
GSE319044/GSM9508633_Spleen-SMO-10_final_analysis.h5mu,GSM9508633_Spleen-SMO-10,GSE319044,Homo Sapiens,HG38,model_training,model_training;control,Tissue,Spleen,Healthy/Control,Control
GSE319044/GSM9508634_Spleen-SMO-1_final_analysis.h5mu,GSM9508634_Spleen-SMO-1,GSE319044,Homo Sapiens,HG38,model_training,model_training;control,Tissue,Spleen,Healthy/Control,Control
