dataset_uid,dataset_id,gse_id,file_path,file_name,species,reference,group,usage_primary,usage_tags,sample_type,detail_source,condition,detailed_condition
GSE166797/GSM5085810_GM12878_rep1,GSM5085810_GM12878_rep1,GSE166797,GSE166797/GSM5085810_GM12878_rep1.h5mu,GSM5085810_GM12878_rep1.h5mu,Homo Sapiens,HG38,model_training,model_training,model_training;control;cell_line,Cell Line,GM12878 (Cell Line),Healthy/Control,Control
GSE166797/GSM5085812_GM12878_rep2,GSM5085812_GM12878_rep2,GSE166797,GSE166797/GSM5085812_GM12878_rep2.h5mu,GSM5085812_GM12878_rep2.h5mu,Homo Sapiens,HG38,model_training,model_training,model_training;control;cell_line,Cell Line,GM12878 (Cell Line),Healthy/Control,Control
GSE178379/GSM5694434_HNES1_DUX4_overexpression,GSM5694434_HNES1_DUX4_overexpression,GSE178379,GSE178379/GSM5694434_HNES1_DUX4_overexpression.h5mu,GSM5694434_HNES1_DUX4_overexpression.h5mu,Homo Sapiens,HG38,model_training,model_training,model_training;induced_model;cell_line;perturbation,Cell Line,HNES1 (Cell Line),Induced Model,DUX4 Overexpression
GSE178453/GSM5391776_HF1M-Cryo,GSM5391776_HF1M-Cryo,GSE178453,GSE178453/GSM5391776_HF1M-Cryo.h5mu,GSM5391776_HF1M-Cryo.h5mu,Homo Sapiens,HG38,model_training,model_training,model_training;control,Tissue,Pituitary,Healthy/Control,Control
GSE192780/GSM5765318_012320M-TRM,GSM5765318_012320M-TRM,GSE192780,GSE192780/GSM5765318_012320M-TRM.h5mu,GSM5765318_012320M-TRM.h5mu,Homo Sapiens,HG38,model_training,model_training,model_training;disease_model;cancer,Tissue,Ovary Tumor,Natural Disease,HGSOC
GSE192780/GSM5765320_012320M-ReCir,GSM5765320_012320M-ReCir,GSE192780,GSE192780/GSM5765320_012320M-ReCir.h5mu,GSM5765320_012320M-ReCir.h5mu,Homo Sapiens,HG38,model_training,model_training,model_training;disease_model;cancer,Tissue,Ovary Tumor,Natural Disease,HGSOC
GSE192780/GSM5765322_100809M-TRM,GSM5765322_100809M-TRM,GSE192780,GSE192780/GSM5765322_100809M-TRM.h5mu,GSM5765322_100809M-TRM.h5mu,Homo Sapiens,HG38,model_training,model_training,model_training;disease_model;cancer,Tissue,Ovary Tumor,Natural Disease,HGSOC
GSE192780/GSM5765324_100809M-ReCir,GSM5765324_100809M-ReCir,GSE192780,GSE192780/GSM5765324_100809M-ReCir.h5mu,GSM5765324_100809M-ReCir.h5mu,Homo Sapiens,HG38,model_training,model_training,model_training;disease_model;cancer,Tissue,Ovary Tumor,Natural Disease,HGSOC
GSE192780/GSM5765326_042718M-TRM,GSM5765326_042718M-TRM,GSE192780,GSE192780/GSM5765326_042718M-TRM.h5mu,GSM5765326_042718M-TRM.h5mu,Homo Sapiens,HG38,model_training,model_training,model_training;disease_model;cancer,Tissue,Ovary Tumor,Natural Disease,HGSOC
GSE192780/GSM5765328_042718M-ReCir,GSM5765328_042718M-ReCir,GSE192780,GSE192780/GSM5765328_042718M-ReCir.h5mu,GSM5765328_042718M-ReCir.h5mu,Homo Sapiens,HG38,model_training,model_training,model_training;disease_model;cancer,Tissue,Ovary Tumor,Natural Disease,HGSOC
GSE192780/GSM5765330_041218M-TRM,GSM5765330_041218M-TRM,GSE192780,GSE192780/GSM5765330_041218M-TRM.h5mu,GSM5765330_041218M-TRM.h5mu,Homo Sapiens,HG38,model_training,model_training,model_training;disease_model;cancer,Tissue,Ovary Tumor,Natural Disease,HGSOC
GSE192780/GSM5765332_041218M-ReCir,GSM5765332_041218M-ReCir,GSE192780,GSE192780/GSM5765332_041218M-ReCir.h5mu,GSM5765332_041218M-ReCir.h5mu,Homo Sapiens,HG38,model_training,model_training,model_training;disease_model;cancer,Tissue,Ovary Tumor,Natural Disease,HGSOC
GSE197912/GSM5932294_H9d7_WT,GSM5932294_H9d7_WT,GSE197912,GSE197912/GSM5932294_H9d7_WT.h5mu,GSM5932294_H9d7_WT.h5mu,Homo Sapiens,HG38,model_training,model_training,model_training;control;cell_line;perturbation;perturbation_control,Cell Line,H9 hESC (Cell Line),Healthy/Control,Control
GSE197912/GSM5932295_H9d7_GRHL2_KO,GSM5932295_H9d7_GRHL2_KO,GSE197912,GSE197912/GSM5932295_H9d7_GRHL2_KO.h5mu,GSM5932295_H9d7_GRHL2_KO.h5mu,Homo Sapiens,HG38,model_training,model_training,model_training;induced_model;cell_line;perturbation,Cell Line,H9 hESC (Cell Line),Induced Model,GRHL2 KO
GSE210736/GSM6436169_CO5M,GSM6436169_CO5M,GSE210736,GSE210736/GSM6436169_CO5M.h5mu,GSM6436169_CO5M.h5mu,Homo Sapiens,HG38,model_training,model_training,model_training;control;cell_line;organoid_or_differentiation_model,Cell Line,Cerebral Organoid (Cell Line),Healthy/Control,Control
GSE210736/GSM6436170_CO8M,GSM6436170_CO8M,GSE210736,GSE210736/GSM6436170_CO8M.h5mu,GSM6436170_CO8M.h5mu,Homo Sapiens,HG38,model_training,model_training,model_training;control;cell_line;organoid_or_differentiation_model,Cell Line,Cerebral Organoid (Cell Line),Healthy/Control,Control
GSE210736/GSM6436171_CO12M,GSM6436171_CO12M,GSE210736,GSE210736/GSM6436171_CO12M.h5mu,GSM6436171_CO12M.h5mu,Homo Sapiens,HG38,model_training,model_training,model_training;control;cell_line;organoid_or_differentiation_model,Cell Line,Cerebral Organoid (Cell Line),Healthy/Control,Control
GSE210736/GSM7869065_5M_CO_2,GSM7869065_5M_CO_2,GSE210736,GSE210736/GSM7869065_5M_CO_2.h5mu,GSM7869065_5M_CO_2.h5mu,Homo Sapiens,HG38,model_training,model_training,model_training;control;cell_line;organoid_or_differentiation_model,Cell Line,Cerebral Organoid (Cell Line),Healthy/Control,Control
GSE210736/GSM7869066_5M_CO_3,GSM7869066_5M_CO_3,GSE210736,GSE210736/GSM7869066_5M_CO_3.h5mu,GSM7869066_5M_CO_3.h5mu,Homo Sapiens,HG38,model_training,model_training,model_training;control;cell_line;organoid_or_differentiation_model,Cell Line,Cerebral Organoid (Cell Line),Healthy/Control,Control
GSE210736/GSM7869067_9M_CO_2,GSM7869067_9M_CO_2,GSE210736,GSE210736/GSM7869067_9M_CO_2.h5mu,GSM7869067_9M_CO_2.h5mu,Homo Sapiens,HG38,model_training,model_training,model_training;control;cell_line;organoid_or_differentiation_model,Cell Line,Cerebral Organoid (Cell Line),Healthy/Control,Control
GSE210736/GSM7869068_9M_CO_3,GSM7869068_9M_CO_3,GSE210736,GSE210736/GSM7869068_9M_CO_3.h5mu,GSM7869068_9M_CO_3.h5mu,Homo Sapiens,HG38,model_training,model_training,model_training;control;cell_line;organoid_or_differentiation_model,Cell Line,Cerebral Organoid (Cell Line),Healthy/Control,Control
GSE210736/GSM7869069_12M_CO_2,GSM7869069_12M_CO_2,GSE210736,GSE210736/GSM7869069_12M_CO_2.h5mu,GSM7869069_12M_CO_2.h5mu,Homo Sapiens,HG38,model_training,model_training,model_training;control;cell_line;organoid_or_differentiation_model,Cell Line,Cerebral Organoid (Cell Line),Healthy/Control,Control
GSE210736/GSM7869070_12M_CO_3,GSM7869070_12M_CO_3,GSE210736,GSE210736/GSM7869070_12M_CO_3.h5mu,GSM7869070_12M_CO_3.h5mu,Homo Sapiens,HG38,model_training,model_training,model_training;control;cell_line;organoid_or_differentiation_model,Cell Line,Cerebral Organoid (Cell Line),Healthy/Control,Control
GSE220144/GSM8187204_sample1,GSM8187204_sample1,GSE220144,GSE220144/GSM8187204_sample1.h5mu,GSM8187204_sample1.h5mu,Homo Sapiens,HG38,model_training,model_training,model_training;induced_model;cell_line;cancer;disease_model,Cell Line,MM1S/HS5 Co-Culture (Cell Line),Induced Model,Co-Culture
GSE227280/GSM7094288_noCOVID,GSM7094288_noCOVID,GSE227280,GSE227280/GSM7094288_noCOVID.h5mu,GSM7094288_noCOVID.h5mu,Homo Sapiens,None,model_training,model_training,model_training;control;cell_line;organoid_or_differentiation_model;perturbation;perturbation_control,Cell Line,Cardiac Organoid (Cell Line),Healthy/Control,Control
GSE227280/GSM7094289_COVID,GSM7094289_COVID,GSE227280,GSE227280/GSM7094289_COVID.h5mu,GSM7094289_COVID.h5mu,Homo Sapiens,None,model_training,model_training,model_training;induced_model;cell_line;organoid_or_differentiation_model;perturbation,Cell Line,Cardiac Organoid (Cell Line),Induced Model,SARS-CoV-2 Exposure
GSE237448/GSE237448_BFA,GSE237448_BFA,GSE237448,GSE237448/GSE237448_BFA.h5mu,GSE237448_BFA.h5mu,Homo Sapiens,HG38,model_training,model_training,model_training;induced_model;perturbation,Tissue,Pancreatic Islet,Induced Model,BFA
GSE237448/GSE237448_CM,GSE237448_CM,GSE237448,GSE237448/GSE237448_CM.h5mu,GSE237448_CM.h5mu,Homo Sapiens,HG38,model_training,model_training,model_training;induced_model;perturbation,Tissue,Pancreatic Islet,Induced Model,Cytokine Mix
GSE237448/GSE237448_DMSO,GSE237448_DMSO,GSE237448,GSE237448/GSE237448_DMSO.h5mu,GSE237448_DMSO.h5mu,Homo Sapiens,HG38,model_training,model_training,model_training;control;perturbation;perturbation_control,Tissue,Pancreatic Islet,Healthy/Control,Control
GSE237448/GSE237448_PBS,GSE237448_PBS,GSE237448,GSE237448/GSE237448_PBS.h5mu,GSE237448_PBS.h5mu,Homo Sapiens,HG38,model_training,model_training,model_training;control;perturbation;perturbation_control,Tissue,Pancreatic Islet,Healthy/Control,Control
GSE238275/GSE238275,GSE238275,GSE238275,GSE238275/GSE238275.h5mu,GSE238275.h5mu,Homo Sapiens,HG19,model_training,model_training,model_training;induced_model;cell_line;organoid_or_differentiation_model;perturbation,Cell Line,Intestinal Stem Cell Model (Cell Line),Induced Model,NEUROG3 Induction
GSE238275/GSM7661371_PS1,GSM7661371_PS1,GSE238275,GSE238275/GSM7661371_PS1.h5mu,GSM7661371_PS1.h5mu,Homo Sapiens,HG19,model_training,model_training,model_training;induced_model;cell_line;organoid_or_differentiation_model;perturbation,Cell Line,Intestinal Stem Cell Model (Cell Line),Induced Model,NEUROG3 Induction
GSE238275/GSM7661372_PS3,GSM7661372_PS3,GSE238275,GSE238275/GSM7661372_PS3.h5mu,GSM7661372_PS3.h5mu,Homo Sapiens,HG19,model_training,model_training,model_training;induced_model;cell_line;organoid_or_differentiation_model;perturbation,Cell Line,Intestinal Stem Cell Model (Cell Line),Induced Model,NEUROG3 Induction
GSE238275/GSM7661373_PS5,GSM7661373_PS5,GSE238275,GSE238275/GSM7661373_PS5.h5mu,GSM7661373_PS5.h5mu,Homo Sapiens,HG19,model_training,model_training,model_training;induced_model;cell_line;organoid_or_differentiation_model;perturbation,Cell Line,Intestinal Stem Cell Model (Cell Line),Induced Model,NEUROG3 Induction
GSE238275/GSM7661374_PS6,GSM7661374_PS6,GSE238275,GSE238275/GSM7661374_PS6.h5mu,GSM7661374_PS6.h5mu,Homo Sapiens,HG19,model_training,model_training,model_training;induced_model;cell_line;organoid_or_differentiation_model;perturbation,Cell Line,Intestinal Stem Cell Model (Cell Line),Induced Model,NEUROG3 Induction
GSE238275/GSM7661379_D3Ne,GSM7661379_D3Ne,GSE238275,GSE238275/GSM7661379_D3Ne.h5mu,GSM7661379_D3Ne.h5mu,Homo Sapiens,HG19,model_training,model_training,model_training;induced_model;cell_line;organoid_or_differentiation_model;perturbation,Cell Line,Intestinal Stem Cell Model (Cell Line),Induced Model,NEUROG3 Induction
GSE238275/GSM7661380_PSD3scram,GSM7661380_PSD3scram,GSE238275,GSE238275/GSM7661380_PSD3scram.h5mu,GSM7661380_PSD3scram.h5mu,Homo Sapiens,HG19,model_training,model_training,model_training;induced_model;cell_line;organoid_or_differentiation_model;perturbation,Cell Line,Intestinal Stem Cell Model (Cell Line),Induced Model,NEUROG3 Induction
GSE238275/GSM7661381_PSD6Ne,GSM7661381_PSD6Ne,GSE238275,GSE238275/GSM7661381_PSD6Ne.h5mu,GSM7661381_PSD6Ne.h5mu,Homo Sapiens,HG19,model_training,model_training,model_training;induced_model;cell_line;organoid_or_differentiation_model;perturbation,Cell Line,Intestinal Stem Cell Model (Cell Line),Induced Model,NEUROG3 Induction
GSE238275/GSM7661382_PSD6scram,GSM7661382_PSD6scram,GSE238275,GSE238275/GSM7661382_PSD6scram.h5mu,GSM7661382_PSD6scram.h5mu,Homo Sapiens,HG19,model_training,model_training,model_training;induced_model;cell_line;organoid_or_differentiation_model;perturbation,Cell Line,Intestinal Stem Cell Model (Cell Line),Induced Model,NEUROG3 Induction
GSE238275/GSM7661387_PSD3AS,GSM7661387_PSD3AS,GSE238275,GSE238275/GSM7661387_PSD3AS.h5mu,GSM7661387_PSD3AS.h5mu,Homo Sapiens,HG19,model_training,model_training,model_training;induced_model;cell_line;organoid_or_differentiation_model;perturbation,Cell Line,Intestinal Stem Cell Model (Cell Line),Induced Model,NEUROG3 Induction
GSE238275/GSM7661388_PSD6AS,GSM7661388_PSD6AS,GSE238275,GSE238275/GSM7661388_PSD6AS.h5mu,GSM7661388_PSD6AS.h5mu,Homo Sapiens,HG19,model_training,model_training,model_training;induced_model;cell_line;organoid_or_differentiation_model;perturbation,Cell Line,Intestinal Stem Cell Model (Cell Line),Induced Model,NEUROG3 Induction
GSE238275/GSM7661391_PSD6ND123,GSM7661391_PSD6ND123,GSE238275,GSE238275/GSM7661391_PSD6ND123.h5mu,GSM7661391_PSD6ND123.h5mu,Homo Sapiens,HG19,model_training,model_training,model_training;induced_model;cell_line;organoid_or_differentiation_model;perturbation,Cell Line,Intestinal Stem Cell Model (Cell Line),Induced Model,NEUROG3 Induction
GSE238275/GSM7661393_PSD3ND,GSM7661393_PSD3ND,GSE238275,GSE238275/GSM7661393_PSD3ND.h5mu,GSM7661393_PSD3ND.h5mu,Homo Sapiens,HG19,model_training,model_training,model_training;induced_model;cell_line;organoid_or_differentiation_model;perturbation,Cell Line,Intestinal Stem Cell Model (Cell Line),Induced Model,NEUROG3 Induction
GSE238275/GSM7661395_PSD3HES6,GSM7661395_PSD3HES6,GSE238275,GSE238275/GSM7661395_PSD3HES6.h5mu,GSM7661395_PSD3HES6.h5mu,Homo Sapiens,HG19,model_training,model_training,model_training;induced_model;cell_line;organoid_or_differentiation_model;perturbation,Cell Line,Intestinal Stem Cell Model (Cell Line),Induced Model,NEUROG3 Induction
GSE238275/GSM7661396_PSD6HES6,GSM7661396_PSD6HES6,GSE238275,GSE238275/GSM7661396_PSD6HES6.h5mu,GSM7661396_PSD6HES6.h5mu,Homo Sapiens,HG19,model_training,model_training,model_training;induced_model;cell_line;organoid_or_differentiation_model;perturbation,Cell Line,Intestinal Stem Cell Model (Cell Line),Induced Model,NEUROG3 Induction
GSE238276/GSM7661371_PS1,GSM7661371_PS1,GSE238276,GSE238276/GSM7661371_PS1.h5mu,GSM7661371_PS1.h5mu,Homo Sapiens,HG19,model_training,model_training,model_training;induced_model;cell_line;organoid_or_differentiation_model;perturbation,Cell Line,Intestinal Stem Cell Model (Cell Line),Induced Model,NEUROG3 Induction
GSE238276/GSM7661372_PS3,GSM7661372_PS3,GSE238276,GSE238276/GSM7661372_PS3.h5mu,GSM7661372_PS3.h5mu,Homo Sapiens,HG19,model_training,model_training,model_training;induced_model;cell_line;organoid_or_differentiation_model;perturbation,Cell Line,Intestinal Stem Cell Model (Cell Line),Induced Model,NEUROG3 Induction
GSE238276/GSM7661373_PS5,GSM7661373_PS5,GSE238276,GSE238276/GSM7661373_PS5.h5mu,GSM7661373_PS5.h5mu,Homo Sapiens,HG19,model_training,model_training,model_training;induced_model;cell_line;organoid_or_differentiation_model;perturbation,Cell Line,Intestinal Stem Cell Model (Cell Line),Induced Model,NEUROG3 Induction
GSE238276/GSM7661374_PS6,GSM7661374_PS6,GSE238276,GSE238276/GSM7661374_PS6.h5mu,GSM7661374_PS6.h5mu,Homo Sapiens,HG19,model_training,model_training,model_training;induced_model;cell_line;organoid_or_differentiation_model;perturbation,Cell Line,Intestinal Stem Cell Model (Cell Line),Induced Model,NEUROG3 Induction
GSE238276/GSM7661379_D3Ne,GSM7661379_D3Ne,GSE238276,GSE238276/GSM7661379_D3Ne.h5mu,GSM7661379_D3Ne.h5mu,Homo Sapiens,HG19,model_training,model_training,model_training;induced_model;cell_line;organoid_or_differentiation_model;perturbation,Cell Line,Intestinal Stem Cell Model (Cell Line),Induced Model,NEUROG3 Induction
GSE238276/GSM7661380_PSD3scram,GSM7661380_PSD3scram,GSE238276,GSE238276/GSM7661380_PSD3scram.h5mu,GSM7661380_PSD3scram.h5mu,Homo Sapiens,HG19,model_training,model_training,model_training;induced_model;cell_line;organoid_or_differentiation_model;perturbation,Cell Line,Intestinal Stem Cell Model (Cell Line),Induced Model,NEUROG3 Induction
GSE238276/GSM7661381_PSD6Ne,GSM7661381_PSD6Ne,GSE238276,GSE238276/GSM7661381_PSD6Ne.h5mu,GSM7661381_PSD6Ne.h5mu,Homo Sapiens,HG19,model_training,model_training,model_training;induced_model;cell_line;organoid_or_differentiation_model;perturbation,Cell Line,Intestinal Stem Cell Model (Cell Line),Induced Model,NEUROG3 Induction
GSE238276/GSM7661382_PSD6scram,GSM7661382_PSD6scram,GSE238276,GSE238276/GSM7661382_PSD6scram.h5mu,GSM7661382_PSD6scram.h5mu,Homo Sapiens,HG19,model_training,model_training,model_training;induced_model;cell_line;organoid_or_differentiation_model;perturbation,Cell Line,Intestinal Stem Cell Model (Cell Line),Induced Model,NEUROG3 Induction
GSE238276/GSM7661387_PSD3AS,GSM7661387_PSD3AS,GSE238276,GSE238276/GSM7661387_PSD3AS.h5mu,GSM7661387_PSD3AS.h5mu,Homo Sapiens,HG19,model_training,model_training,model_training;induced_model;cell_line;organoid_or_differentiation_model;perturbation,Cell Line,Intestinal Stem Cell Model (Cell Line),Induced Model,NEUROG3 Induction
GSE238276/GSM7661388_PSD6AS,GSM7661388_PSD6AS,GSE238276,GSE238276/GSM7661388_PSD6AS.h5mu,GSM7661388_PSD6AS.h5mu,Homo Sapiens,HG19,model_training,model_training,model_training;induced_model;cell_line;organoid_or_differentiation_model;perturbation,Cell Line,Intestinal Stem Cell Model (Cell Line),Induced Model,NEUROG3 Induction
GSE238276/GSM7661391_PSD6ND123,GSM7661391_PSD6ND123,GSE238276,GSE238276/GSM7661391_PSD6ND123.h5mu,GSM7661391_PSD6ND123.h5mu,Homo Sapiens,HG19,model_training,model_training,model_training;induced_model;cell_line;organoid_or_differentiation_model;perturbation,Cell Line,Intestinal Stem Cell Model (Cell Line),Induced Model,NEUROG3 Induction
GSE238276/GSM7661393_PSD3ND,GSM7661393_PSD3ND,GSE238276,GSE238276/GSM7661393_PSD3ND.h5mu,GSM7661393_PSD3ND.h5mu,Homo Sapiens,HG19,model_training,model_training,model_training;induced_model;cell_line;organoid_or_differentiation_model;perturbation,Cell Line,Intestinal Stem Cell Model (Cell Line),Induced Model,NEUROG3 Induction
GSE238276/GSM7661395_PSD3HES6,GSM7661395_PSD3HES6,GSE238276,GSE238276/GSM7661395_PSD3HES6.h5mu,GSM7661395_PSD3HES6.h5mu,Homo Sapiens,HG19,model_training,model_training,model_training;induced_model;cell_line;organoid_or_differentiation_model;perturbation,Cell Line,Intestinal Stem Cell Model (Cell Line),Induced Model,NEUROG3 Induction
GSE238276/GSM7661396_PSD6HES6,GSM7661396_PSD6HES6,GSE238276,GSE238276/GSM7661396_PSD6HES6.h5mu,GSM7661396_PSD6HES6.h5mu,Homo Sapiens,HG19,model_training,model_training,model_training;induced_model;cell_line;organoid_or_differentiation_model;perturbation,Cell Line,Intestinal Stem Cell Model (Cell Line),Induced Model,NEUROG3 Induction
GSE239276/GSM7662478_d0,GSM7662478_d0,GSE239276,GSE239276/GSM7662478_d0.h5mu,GSM7662478_d0.h5mu,Homo Sapiens,HG38,model_training,model_training,model_training;induced_model;cell_line;cancer;disease_model;perturbation,Cell Line,LNCaP (Cell Line),Induced Model,FOXA2 D0
GSE239276/GSM7662479_d14,GSM7662479_d14,GSE239276,GSE239276/GSM7662479_d14.h5mu,GSM7662479_d14.h5mu,Homo Sapiens,HG38,model_training,model_training,model_training;induced_model;cell_line;cancer;disease_model;perturbation,Cell Line,LNCaP (Cell Line),Induced Model,FOXA2 D14
GSE239276/GSM7662482_d21_add,GSM7662482_d21_add,GSE239276,GSE239276/GSM7662482_d21_add.h5mu,GSM7662482_d21_add.h5mu,Homo Sapiens,HG38,model_training,model_training,model_training;induced_model;cell_line;cancer;disease_model;perturbation,Cell Line,LNCaP (Cell Line),Induced Model,FOXA2 D21
GSE239276/GSM7662482_d21,GSM7662482_d21,GSE239276,GSE239276/GSM7662482_d21.h5mu,GSM7662482_d21.h5mu,Homo Sapiens,HG38,model_training,model_training,model_training;induced_model;cell_line;cancer;disease_model;perturbation,Cell Line,LNCaP (Cell Line),Induced Model,FOXA2 D21
GSE245998/GSM7853050_eb01,GSM7853050_eb01,GSE245998,GSE245998/GSM7853050_eb01.h5mu,GSM7853050_eb01.h5mu,Homo Sapiens,HG38,model_training,model_training,model_training;induced_model;cell_line;organoid_or_differentiation_model;perturbation,Cell Line,2D Gastruloid (Cell Line),Induced Model,BMP4 Differentiation
GSE245998/GSM7853051_eb02,GSM7853051_eb02,GSE245998,GSE245998/GSM7853051_eb02.h5mu,GSM7853051_eb02.h5mu,Homo Sapiens,HG38,model_training,model_training,model_training;induced_model;cell_line;organoid_or_differentiation_model;perturbation,Cell Line,2D Gastruloid (Cell Line),Induced Model,BMP4 Differentiation
GSE245998/GSM7853052_eb03,GSM7853052_eb03,GSE245998,GSE245998/GSM7853052_eb03.h5mu,GSM7853052_eb03.h5mu,Homo Sapiens,HG38,model_training,model_training,model_training;induced_model;cell_line;organoid_or_differentiation_model;perturbation,Cell Line,2D Gastruloid (Cell Line),Induced Model,BMP4 Differentiation
GSE245998/GSM7853053_eb06,GSM7853053_eb06,GSE245998,GSE245998/GSM7853053_eb06.h5mu,GSM7853053_eb06.h5mu,Homo Sapiens,HG38,model_training,model_training,model_training;induced_model;cell_line;organoid_or_differentiation_model;perturbation,Cell Line,2D Gastruloid (Cell Line),Induced Model,BMP4 Differentiation
GSE245998/GSM7853054_eb07,GSM7853054_eb07,GSE245998,GSE245998/GSM7853054_eb07.h5mu,GSM7853054_eb07.h5mu,Homo Sapiens,HG38,model_training,model_training,model_training;induced_model;cell_line;organoid_or_differentiation_model;perturbation,Cell Line,2D Gastruloid (Cell Line),Induced Model,BMP4 Differentiation
GSE245998/GSM7853055_eb08,GSM7853055_eb08,GSE245998,GSE245998/GSM7853055_eb08.h5mu,GSM7853055_eb08.h5mu,Homo Sapiens,HG38,model_training,model_training,model_training;induced_model;cell_line;organoid_or_differentiation_model;perturbation,Cell Line,2D Gastruloid (Cell Line),Induced Model,BMP4 Differentiation
GSE247442/GSE247442,GSE247442,GSE247442,GSE247442/GSE247442.h5mu,GSE247442.h5mu,Homo Sapiens,HG38,model_training,model_training,model_training;induced_model;cell_line;cancer;disease_model;perturbation,Cell Line,Cancer Cell Line (Cell Line),Induced Model,TEAD Inhibitor Model
GSE249376/GSE249376_teratoma_AGGR,GSE249376_teratoma_AGGR,GSE249376,GSE249376/GSE249376_teratoma_AGGR.h5mu,GSE249376_teratoma_AGGR.h5mu,Homo Sapiens,HG38,model_training,model_training,model_training;induced_model;cell_line;organoid_or_differentiation_model,Cell Line,Teratoma Model (Cell Line),Induced Model,Teratoma Differentiation
GSE249376/GSM7937719_teratoma_rep1,GSM7937719_teratoma_rep1,GSE249376,GSE249376/GSM7937719_teratoma_rep1.h5mu,GSM7937719_teratoma_rep1.h5mu,Homo Sapiens,HG38,model_training,model_training,model_training;induced_model;cell_line;organoid_or_differentiation_model,Cell Line,Teratoma Model (Cell Line),Induced Model,Teratoma Differentiation
GSE249376/GSM7937720_teratoma_rep2,GSM7937720_teratoma_rep2,GSE249376,GSE249376/GSM7937720_teratoma_rep2.h5mu,GSM7937720_teratoma_rep2.h5mu,Homo Sapiens,HG38,model_training,model_training,model_training;induced_model;cell_line;organoid_or_differentiation_model,Cell Line,Teratoma Model (Cell Line),Induced Model,Teratoma Differentiation
GSE249376/GSM7937721_teratoma_rep3,GSM7937721_teratoma_rep3,GSE249376,GSE249376/GSM7937721_teratoma_rep3.h5mu,GSM7937721_teratoma_rep3.h5mu,Homo Sapiens,HG38,model_training,model_training,model_training;induced_model;cell_line;organoid_or_differentiation_model,Cell Line,Teratoma Model (Cell Line),Induced Model,Teratoma Differentiation
GSE249497/GSM7949039_CS12_01,GSM7949039_CS12_01,GSE249497,GSE249497/GSM7949039_CS12_01.h5mu,GSM7949039_CS12_01.h5mu,Homo Sapiens,HG38,model_training,model_training,model_training;control,Tissue,Orofacial Tissue,Healthy/Control,Control
GSE249497/GSM7949040_CS12_02,GSM7949040_CS12_02,GSE249497,GSE249497/GSM7949040_CS12_02.h5mu,GSM7949040_CS12_02.h5mu,Homo Sapiens,HG38,model_training,model_training,model_training;control,Tissue,Orofacial Tissue,Healthy/Control,Control
GSE249497/GSM7949041_CS12_03,GSM7949041_CS12_03,GSE249497,GSE249497/GSM7949041_CS12_03.h5mu,GSM7949041_CS12_03.h5mu,Homo Sapiens,HG38,model_training,model_training,model_training;control,Tissue,Orofacial Tissue,Healthy/Control,Control
GSE249497/GSM7949042_CS13_01,GSM7949042_CS13_01,GSE249497,GSE249497/GSM7949042_CS13_01.h5mu,GSM7949042_CS13_01.h5mu,Homo Sapiens,HG38,model_training,model_training,model_training;control,Tissue,Orofacial Tissue,Healthy/Control,Control
GSE249497/GSM7949043_CS13_02,GSM7949043_CS13_02,GSE249497,GSE249497/GSM7949043_CS13_02.h5mu,GSM7949043_CS13_02.h5mu,Homo Sapiens,HG38,model_training,model_training,model_training;control,Tissue,Orofacial Tissue,Healthy/Control,Control
GSE249497/GSM7949044_CS13_03,GSM7949044_CS13_03,GSE249497,GSE249497/GSM7949044_CS13_03.h5mu,GSM7949044_CS13_03.h5mu,Homo Sapiens,HG38,model_training,model_training,model_training;control,Tissue,Orofacial Tissue,Healthy/Control,Control
GSE249497/GSM7949045_CS13_04,GSM7949045_CS13_04,GSE249497,GSE249497/GSM7949045_CS13_04.h5mu,GSM7949045_CS13_04.h5mu,Homo Sapiens,HG38,model_training,model_training,model_training;control,Tissue,Orofacial Tissue,Healthy/Control,Control
GSE249497/GSM7949046_CS13_05,GSM7949046_CS13_05,GSE249497,GSE249497/GSM7949046_CS13_05.h5mu,GSM7949046_CS13_05.h5mu,Homo Sapiens,HG38,model_training,model_training,model_training;control,Tissue,Orofacial Tissue,Healthy/Control,Control
GSE249497/GSM7949047_CS14_01,GSM7949047_CS14_01,GSE249497,GSE249497/GSM7949047_CS14_01.h5mu,GSM7949047_CS14_01.h5mu,Homo Sapiens,HG38,model_training,model_training,model_training;control,Tissue,Orofacial Tissue,Healthy/Control,Control
GSE249497/GSM7949048_CS14_02,GSM7949048_CS14_02,GSE249497,GSE249497/GSM7949048_CS14_02.h5mu,GSM7949048_CS14_02.h5mu,Homo Sapiens,HG38,model_training,model_training,model_training;control,Tissue,Orofacial Tissue,Healthy/Control,Control
GSE249497/GSM7949049_CS14_03,GSM7949049_CS14_03,GSE249497,GSE249497/GSM7949049_CS14_03.h5mu,GSM7949049_CS14_03.h5mu,Homo Sapiens,HG38,model_training,model_training,model_training;control,Tissue,Orofacial Tissue,Healthy/Control,Control
GSE249497/GSM7949050_CS16_01,GSM7949050_CS16_01,GSE249497,GSE249497/GSM7949050_CS16_01.h5mu,GSM7949050_CS16_01.h5mu,Homo Sapiens,HG38,model_training,model_training,model_training;control,Tissue,Orofacial Tissue,Healthy/Control,Control
GSE249497/GSM7949051_CS16_02,GSM7949051_CS16_02,GSE249497,GSE249497/GSM7949051_CS16_02.h5mu,GSM7949051_CS16_02.h5mu,Homo Sapiens,HG38,model_training,model_training,model_training;control,Tissue,Orofacial Tissue,Healthy/Control,Control
GSE249497/GSM7949052_CS17_01,GSM7949052_CS17_01,GSE249497,GSE249497/GSM7949052_CS17_01.h5mu,GSM7949052_CS17_01.h5mu,Homo Sapiens,HG38,model_training,model_training,model_training;control,Tissue,Orofacial Tissue,Healthy/Control,Control
GSE249497/GSM7949053_CS17_02,GSM7949053_CS17_02,GSE249497,GSE249497/GSM7949053_CS17_02.h5mu,GSM7949053_CS17_02.h5mu,Homo Sapiens,HG38,model_training,model_training,model_training;control,Tissue,Orofacial Tissue,Healthy/Control,Control
GSE249497/GSM7949054_CS20_01,GSM7949054_CS20_01,GSE249497,GSE249497/GSM7949054_CS20_01.h5mu,GSM7949054_CS20_01.h5mu,Homo Sapiens,HG38,model_training,model_training,model_training;control,Tissue,Orofacial Tissue,Healthy/Control,Control
GSE249497/GSM7949055_CS20_02,GSM7949055_CS20_02,GSE249497,GSE249497/GSM7949055_CS20_02.h5mu,GSM7949055_CS20_02.h5mu,Homo Sapiens,HG38,model_training,model_training,model_training;control,Tissue,Orofacial Tissue,Healthy/Control,Control
GSE251813/GSM7988652_eb04,GSM7988652_eb04,GSE251813,GSE251813/GSM7988652_eb04.h5mu,GSM7988652_eb04.h5mu,Homo Sapiens,HG38,model_training,model_training,model_training;induced_model;cell_line;organoid_or_differentiation_model;perturbation,Cell Line,2D Gastruloid (Cell Line),Induced Model,BMP4 Differentiation
GSE251813/GSM7988653_eb05,GSM7988653_eb05,GSE251813,GSE251813/GSM7988653_eb05.h5mu,GSM7988653_eb05.h5mu,Homo Sapiens,HG38,model_training,model_training,model_training;induced_model;cell_line;organoid_or_differentiation_model;perturbation,Cell Line,2D Gastruloid (Cell Line),Induced Model,BMP4 Differentiation
GSE251813/GSM7988654_eb09,GSM7988654_eb09,GSE251813,GSE251813/GSM7988654_eb09.h5mu,GSM7988654_eb09.h5mu,Homo Sapiens,HG38,model_training,model_training,model_training;induced_model;cell_line;organoid_or_differentiation_model;perturbation,Cell Line,2D Gastruloid (Cell Line),Induced Model,BMP4 Differentiation
GSE251813/GSM7988655_eb10,GSM7988655_eb10,GSE251813,GSE251813/GSM7988655_eb10.h5mu,GSM7988655_eb10.h5mu,Homo Sapiens,HG38,model_training,model_training,model_training;induced_model;cell_line;organoid_or_differentiation_model;perturbation,Cell Line,2D Gastruloid (Cell Line),Induced Model,BMP4 Differentiation
GSE255646/GSE255646,GSE255646,GSE255646,GSE255646/GSE255646.h5mu,GSE255646.h5mu,Homo Sapiens,HG38,model_training,model_training,model_training;control,Tissue,Mesenchymal Stem Cell,Healthy/Control,Control
GSE256162/GSM8086743_HS57B_multi,GSM8086743_HS57B_multi,GSE256162,GSE256162/GSM8086743_HS57B_multi.h5mu,GSM8086743_HS57B_multi.h5mu,Homo Sapiens,HG38,model_training,model_training,model_training;control,Tissue,Testis,Healthy/Control,Control
GSE256162/GSM8086745_Hs66_multi,GSM8086745_Hs66_multi,GSE256162,GSE256162/GSM8086745_Hs66_multi.h5mu,GSM8086745_Hs66_multi.h5mu,Homo Sapiens,HG38,model_training,model_training,model_training;control,Tissue,Testis,Healthy/Control,Control
GSE262189/GSM8159271_Be2c,GSM8159271_Be2c,GSE262189,GSE262189/GSM8159271_Be2c.h5mu,GSM8159271_Be2c.h5mu,Homo Sapiens,HG38,model_training,model_training,model_training;disease_model;cell_line;cancer,Cell Line,Neuroblastoma Cell Line (Cell Line),Natural Disease,Neuroblastoma
GSE262189/GSM8159273_CHP134,GSM8159273_CHP134,GSE262189,GSE262189/GSM8159273_CHP134.h5mu,GSM8159273_CHP134.h5mu,Homo Sapiens,HG38,model_training,model_training,model_training;disease_model;cell_line;cancer,Cell Line,Neuroblastoma Cell Line (Cell Line),Natural Disease,Neuroblastoma
GSE262189/GSM8159275_SHSY5Y,GSM8159275_SHSY5Y,GSE262189,GSE262189/GSM8159275_SHSY5Y.h5mu,GSM8159275_SHSY5Y.h5mu,Homo Sapiens,HG38,model_training,model_training,model_training;disease_model;cell_line;cancer,Cell Line,Neuroblastoma Cell Line (Cell Line),Natural Disease,Neuroblastoma
GSE262189/GSM8159277_SK.N.AS,GSM8159277_SK.N.AS,GSE262189,GSE262189/GSM8159277_SK.N.AS.h5mu,GSM8159277_SK.N.AS.h5mu,Homo Sapiens,HG38,model_training,model_training,model_training;disease_model;cell_line;cancer,Cell Line,Neuroblastoma Cell Line (Cell Line),Natural Disease,Neuroblastoma
GSE262189/GSM8159279_SK.N.DZ,GSM8159279_SK.N.DZ,GSE262189,GSE262189/GSM8159279_SK.N.DZ.h5mu,GSM8159279_SK.N.DZ.h5mu,Homo Sapiens,HG38,model_training,model_training,model_training;disease_model;cell_line;cancer,Cell Line,Neuroblastoma Cell Line (Cell Line),Natural Disease,Neuroblastoma
GSE262189/GSM8159281_SK.N.SH,GSM8159281_SK.N.SH,GSE262189,GSE262189/GSM8159281_SK.N.SH.h5mu,GSM8159281_SK.N.SH.h5mu,Homo Sapiens,HG38,model_training,model_training,model_training;disease_model;cell_line;cancer,Cell Line,Neuroblastoma Cell Line (Cell Line),Natural Disease,Neuroblastoma
GSE263178/GSM8187204_sample1,GSM8187204_sample1,GSE263178,GSE263178/GSM8187204_sample1.h5mu,GSM8187204_sample1.h5mu,Homo Sapiens,HG38,model_training,model_training,model_training;induced_model;cell_line;cancer;disease_model;perturbation,Cell Line,MM1S/HS5 Co-Culture (Cell Line),Induced Model,Co-Culture
GSE263522/GSM8193977_GR11_Multiome,GSM8193977_GR11_Multiome,GSE263522,GSE263522/GSM8193977_GR11_Multiome.h5mu,GSM8193977_GR11_Multiome.h5mu,Homo Sapiens,HG38,model_training,model_training,model_training;disease_model;cancer,Tissue,Tumor,Natural Disease,DSRCT
GSE263523/GSM8193977_GR11_Multiome,GSM8193977_GR11_Multiome,GSE263523,GSE263523/GSM8193977_GR11_Multiome.h5mu,GSM8193977_GR11_Multiome.h5mu,Homo Sapiens,HG38,model_training,model_training,model_training;disease_model;cancer,Tissue,Tumor,Natural Disease,DSRCT
GSE266031/GSE266031,GSE266031,GSE266031,GSE266031/GSE266031.h5mu,GSE266031.h5mu,Homo Sapiens,HG38,model_training,model_training,model_training;induced_model;cell_line;organoid_or_differentiation_model,Cell Line,Cortical Organoid (Cell Line),Induced Model,CHD1L Model
GSE267099/GSE267099,GSE267099,GSE267099,GSE267099/GSE267099.h5mu,GSE267099.h5mu,Homo Sapiens,HG38,model_training,model_training,model_training;control,Tissue,Dendritic Cell,Healthy/Control,Control
GSE267100/GSE267100,GSE267100,GSE267100,GSE267100/GSE267100.h5mu,GSE267100.h5mu,Homo Sapiens,HG38,model_training,model_training,model_training;control,Tissue,Dendritic Cell,Healthy/Control,Control
GSE267174/GSE267174,GSE267174,GSE267174,GSE267174/GSE267174.h5mu,GSE267174.h5mu,Homo Sapiens,HG38,model_training,model_training,model_training;control,Tissue,Dendritic Cell,Healthy/Control,Control
GSE270127/GSM8334928_hs_multiome_PBMC_Lu1024,GSM8334928_hs_multiome_PBMC_Lu1024,GSE270127,GSE270127/GSM8334928_hs_multiome_PBMC_Lu1024.h5mu,GSM8334928_hs_multiome_PBMC_Lu1024.h5mu,Homo Sapiens,HG38,model_training,model_training,model_training;disease_model;cancer,Tissue,PBMC,Natural Disease,Lung Cancer
GSE270127/GSM8334929_hs_multiome_PBMC_Lu1027,GSM8334929_hs_multiome_PBMC_Lu1027,GSE270127,GSE270127/GSM8334929_hs_multiome_PBMC_Lu1027.h5mu,GSM8334929_hs_multiome_PBMC_Lu1027.h5mu,Homo Sapiens,HG38,model_training,model_training,model_training;disease_model;cancer,Tissue,PBMC,Natural Disease,Lung Cancer
GSE270127/GSM8334930_hs_multiome_PBMC_Lu1032,GSM8334930_hs_multiome_PBMC_Lu1032,GSE270127,GSE270127/GSM8334930_hs_multiome_PBMC_Lu1032.h5mu,GSM8334930_hs_multiome_PBMC_Lu1032.h5mu,Homo Sapiens,HG38,model_training,model_training,model_training;disease_model;cancer,Tissue,PBMC,Natural Disease,Lung Cancer
GSE270127/GSM8334931_hs_multiome_PBMC_HD4,GSM8334931_hs_multiome_PBMC_HD4,GSE270127,GSE270127/GSM8334931_hs_multiome_PBMC_HD4.h5mu,GSM8334931_hs_multiome_PBMC_HD4.h5mu,Homo Sapiens,HG38,model_training,model_training,model_training;control,Tissue,PBMC,Healthy/Control,Control
GSE270127/GSM8334932_hs_multiome_PBMC_HD5,GSM8334932_hs_multiome_PBMC_HD5,GSE270127,GSE270127/GSM8334932_hs_multiome_PBMC_HD5.h5mu,GSM8334932_hs_multiome_PBMC_HD5.h5mu,Homo Sapiens,HG38,model_training,model_training,model_training;control,Tissue,PBMC,Healthy/Control,Control
GSE270504/GSM8345537_cell_384,GSM8345537_cell_384,GSE270504,GSE270504/GSM8345537_cell_384.h5mu,GSM8345537_cell_384.h5mu,Homo Sapiens,HG38,model_training,model_training,model_training;disease_model;cancer,Tissue,Osteosarcoma PDX,Natural Disease,Osteosarcoma PDX
GSE270504/GSM8345539_cell_833,GSM8345539_cell_833,GSE270504,GSE270504/GSM8345539_cell_833.h5mu,GSM8345539_cell_833.h5mu,Homo Sapiens,HG38,model_training,model_training,model_training;disease_model;cancer,Tissue,Osteosarcoma PDX,Natural Disease,Osteosarcoma PDX
GSE272082/GSM8392674_NIH01,GSM8392674_NIH01,GSE272082,GSE272082/GSM8392674_NIH01.h5mu,GSM8392674_NIH01.h5mu,Homo Sapiens,HG38,model_training,model_training,model_training;control,Tissue,Brain,Healthy/Control,Control
GSE272082/GSM8392675_NIH02,GSM8392675_NIH02,GSE272082,GSE272082/GSM8392675_NIH02.h5mu,GSM8392675_NIH02.h5mu,Homo Sapiens,HG38,model_training,model_training,model_training;control,Tissue,Brain,Healthy/Control,Control
GSE272082/GSM8392676_NIH03,GSM8392676_NIH03,GSE272082,GSE272082/GSM8392676_NIH03.h5mu,GSM8392676_NIH03.h5mu,Homo Sapiens,HG38,model_training,model_training,model_training;control,Tissue,Brain,Healthy/Control,Control
GSE272082/GSM8392677_NIH04,GSM8392677_NIH04,GSE272082,GSE272082/GSM8392677_NIH04.h5mu,GSM8392677_NIH04.h5mu,Homo Sapiens,HG38,model_training,model_training,model_training;control,Tissue,Brain,Healthy/Control,Control
GSE272082/GSM8392678_NIH05,GSM8392678_NIH05,GSE272082,GSE272082/GSM8392678_NIH05.h5mu,GSM8392678_NIH05.h5mu,Homo Sapiens,HG38,model_training,model_training,model_training;control,Tissue,Brain,Healthy/Control,Control
GSE272082/GSM8392679_NIH06,GSM8392679_NIH06,GSE272082,GSE272082/GSM8392679_NIH06.h5mu,GSM8392679_NIH06.h5mu,Homo Sapiens,HG38,model_training,model_training,model_training;control,Tissue,Brain,Healthy/Control,Control
GSE272082/GSM8392680_NIH10,GSM8392680_NIH10,GSE272082,GSE272082/GSM8392680_NIH10.h5mu,GSM8392680_NIH10.h5mu,Homo Sapiens,HG38,model_training,model_training,model_training;disease_model,Tissue,Brain,Natural Disease,sEOAD
GSE272082/GSM8392681_NIH11,GSM8392681_NIH11,GSE272082,GSE272082/GSM8392681_NIH11.h5mu,GSM8392681_NIH11.h5mu,Homo Sapiens,HG38,model_training,model_training,model_training;disease_model,Tissue,Brain,Natural Disease,sEOAD
GSE272082/GSM8392682_NIH12,GSM8392682_NIH12,GSE272082,GSE272082/GSM8392682_NIH12.h5mu,GSM8392682_NIH12.h5mu,Homo Sapiens,HG38,model_training,model_training,model_training;disease_model,Tissue,Brain,Natural Disease,sEOAD
GSE272082/GSM8392683_NIH13,GSM8392683_NIH13,GSE272082,GSE272082/GSM8392683_NIH13.h5mu,GSM8392683_NIH13.h5mu,Homo Sapiens,HG38,model_training,model_training,model_training;disease_model,Tissue,Brain,Natural Disease,sEOAD
GSE272082/GSM8392684_NIH14,GSM8392684_NIH14,GSE272082,GSE272082/GSM8392684_NIH14.h5mu,GSM8392684_NIH14.h5mu,Homo Sapiens,HG38,model_training,model_training,model_training;disease_model,Tissue,Brain,Natural Disease,sEOAD
GSE272082/GSM8392685_NIH15,GSM8392685_NIH15,GSE272082,GSE272082/GSM8392685_NIH15.h5mu,GSM8392685_NIH15.h5mu,Homo Sapiens,HG38,model_training,model_training,model_training;disease_model,Tissue,Brain,Natural Disease,sEOAD
GSE272082/GSM8392686_NIH16,GSM8392686_NIH16,GSE272082,GSE272082/GSM8392686_NIH16.h5mu,GSM8392686_NIH16.h5mu,Homo Sapiens,HG38,model_training,model_training,model_training;disease_model,Tissue,Brain,Natural Disease,sEOAD
GSE272082/GSM8392687_NIH17,GSM8392687_NIH17,GSE272082,GSE272082/GSM8392687_NIH17.h5mu,GSM8392687_NIH17.h5mu,Homo Sapiens,HG38,model_training,model_training,model_training;disease_model,Tissue,Brain,Natural Disease,sEOAD
GSE272082/GSM8392688_NIH18,GSM8392688_NIH18,GSE272082,GSE272082/GSM8392688_NIH18.h5mu,GSM8392688_NIH18.h5mu,Homo Sapiens,HG38,model_training,model_training,model_training;disease_model,Tissue,Brain,Natural Disease,sEOAD
GSE272082/GSM8392689_NIH28,GSM8392689_NIH28,GSE272082,GSE272082/GSM8392689_NIH28.h5mu,GSM8392689_NIH28.h5mu,Homo Sapiens,HG38,model_training,model_training,model_training;control,Tissue,Brain,Healthy/Control,Control
GSE272082/GSM8392690_NIH29,GSM8392690_NIH29,GSE272082,GSE272082/GSM8392690_NIH29.h5mu,GSM8392690_NIH29.h5mu,Homo Sapiens,HG38,model_training,model_training,model_training;control,Tissue,Brain,Healthy/Control,Control
GSE272082/GSM8392691_UT04,GSM8392691_UT04,GSE272082,GSE272082/GSM8392691_UT04.h5mu,GSM8392691_UT04.h5mu,Homo Sapiens,HG38,model_training,model_training,model_training;control,Tissue,Brain,Healthy/Control,Control
GSE272082/GSM8392692_UT09,GSM8392692_UT09,GSE272082,GSE272082/GSM8392692_UT09.h5mu,GSM8392692_UT09.h5mu,Homo Sapiens,HG38,model_training,model_training,model_training;control,Tissue,Brain,Healthy/Control,Control
GSE272082/GSM8392693_UT2105,GSM8392693_UT2105,GSE272082,GSE272082/GSM8392693_UT2105.h5mu,GSM8392693_UT2105.h5mu,Homo Sapiens,HG38,model_training,model_training,model_training;disease_model,Tissue,Brain,Natural Disease,sEOAD
GSE272082/GSM9294031_NIH30,GSM9294031_NIH30,GSE272082,GSE272082/GSM9294031_NIH30.h5mu,GSM9294031_NIH30.h5mu,Homo Sapiens,HG38,model_training,model_training,model_training;control,Tissue,Brain,Healthy/Control,Control
GSE272187/GSE272187,GSE272187,GSE272187,GSE272187/GSE272187.h5mu,GSE272187.h5mu,Homo Sapiens,HG38,model_training,model_training,model_training;disease_model;cell_line;cancer,Cell Line,OCI-AML22 (Cell Line),Natural Disease,AML Model
GSE272707/GSE272707_hSK_1,GSE272707_hSK_1,GSE272707,GSE272707/GSE272707_hSK_1.h5mu,GSE272707_hSK_1.h5mu,Homo Sapiens,HG38,model_training,model_training,model_training;induced_model;organoid_or_differentiation_model,Tissue,Kidney Assembloid (Cell Line),Induced Model,Assembloid Model
GSE272707/GSE272707_hSK_2,GSE272707_hSK_2,GSE272707,GSE272707/GSE272707_hSK_2.h5mu,GSE272707_hSK_2.h5mu,Homo Sapiens,HG38,model_training,model_training,model_training;induced_model;organoid_or_differentiation_model,Tissue,Kidney Assembloid (Cell Line),Induced Model,Assembloid Model
GSE276177/GSM8492626_margin_2_20M,GSM8492626_margin_2_20M,GSE276177,GSE276177/GSM8492626_margin_2_20M.h5mu,GSM8492626_margin_2_20M.h5mu,Homo Sapiens,HG38,model_training,model_training,model_training;disease_model;cancer;perturbation,Tissue,Glioblastoma Tumor,Natural Disease,Tumor Margin
GSE276177/GSM8492628_tumor_2_20T,GSM8492628_tumor_2_20T,GSE276177,GSE276177/GSM8492628_tumor_2_20T.h5mu,GSM8492628_tumor_2_20T.h5mu,Homo Sapiens,HG38,model_training,model_training,model_training;disease_model;cancer,Tissue,Glioblastoma Tumor,Natural Disease,Tumor
GSE276177/GSM8492630_margin_1_25M,GSM8492630_margin_1_25M,GSE276177,GSE276177/GSM8492630_margin_1_25M.h5mu,GSM8492630_margin_1_25M.h5mu,Homo Sapiens,HG38,model_training,model_training,model_training;disease_model;cancer;perturbation,Tissue,Glioblastoma Tumor,Natural Disease,Tumor Margin
GSE276177/GSM8492632_tumor_3_25T,GSM8492632_tumor_3_25T,GSE276177,GSE276177/GSM8492632_tumor_3_25T.h5mu,GSM8492632_tumor_3_25T.h5mu,Homo Sapiens,HG38,model_training,model_training,model_training;disease_model;cancer,Tissue,Glioblastoma Tumor,Natural Disease,Tumor
GSE276177/GSM8492634_tumor_1_38T,GSM8492634_tumor_1_38T,GSE276177,GSE276177/GSM8492634_tumor_1_38T.h5mu,GSM8492634_tumor_1_38T.h5mu,Homo Sapiens,HG38,model_training,model_training,model_training;disease_model;cancer,Tissue,Glioblastoma Tumor,Natural Disease,Tumor
GSE276786/GSE276786,GSE276786,GSE276786,GSE276786/GSE276786.h5mu,GSE276786.h5mu,Homo Sapiens,HG38,model_training,model_training,model_training;induced_model;cell_line,Cell Line,Placental Trophoblast Model (Cell Line),Induced Model,Trophoblast Model
GSE277004/GSM8554306_212454-214122,GSM8554306_212454-214122,GSE277004,GSE277004/GSM8554306_212454-214122.h5mu,GSM8554306_212454-214122.h5mu,Homo Sapiens,HG38,model_training,model_training,model_training;induced_model;cell_line;cancer;disease_model;perturbation,Cell Line,Leukemia Stem Cell Model (Cell Line),Induced Model,dTAG-13
GSE277004/GSM8554308_212455-214123,GSM8554308_212455-214123,GSE277004,GSE277004/GSM8554308_212455-214123.h5mu,GSM8554308_212455-214123.h5mu,Homo Sapiens,HG38,model_training,model_training,model_training;induced_model;cell_line;cancer;disease_model;perturbation,Cell Line,Leukemia Stem Cell Model (Cell Line),Induced Model,dTAG-13
GSE277004/GSM8554310_212456-214124,GSM8554310_212456-214124,GSE277004,GSE277004/GSM8554310_212456-214124.h5mu,GSM8554310_212456-214124.h5mu,Homo Sapiens,HG38,model_training,model_training,model_training;induced_model;cell_line;cancer;disease_model;perturbation,Cell Line,Leukemia Stem Cell Model (Cell Line),Induced Model,Control
GSE277004/GSM8554312_212457-214125,GSM8554312_212457-214125,GSE277004,GSE277004/GSM8554312_212457-214125.h5mu,GSM8554312_212457-214125.h5mu,Homo Sapiens,HG38,model_training,model_training,model_training;induced_model;cell_line;cancer;disease_model;perturbation,Cell Line,Leukemia Stem Cell Model (Cell Line),Induced Model,dTAG-13
GSE277004/GSM8554314_212458-214126,GSM8554314_212458-214126,GSE277004,GSE277004/GSM8554314_212458-214126.h5mu,GSM8554314_212458-214126.h5mu,Homo Sapiens,HG38,model_training,model_training,model_training;induced_model;cell_line;cancer;disease_model;perturbation,Cell Line,Leukemia Stem Cell Model (Cell Line),Induced Model,Control
GSE277004/GSM8554316_212460-214128,GSM8554316_212460-214128,GSE277004,GSE277004/GSM8554316_212460-214128.h5mu,GSM8554316_212460-214128.h5mu,Homo Sapiens,HG38,model_training,model_training,model_training;induced_model;cell_line;cancer;disease_model;perturbation,Cell Line,Leukemia Stem Cell Model (Cell Line),Induced Model,Control
GSE281526/GSE281526_BCM_22_0047_Multiome_fovea,GSE281526_BCM_22_0047_Multiome_fovea,GSE281526,GSE281526/GSE281526_BCM_22_0047_Multiome_fovea.h5mu,GSE281526_BCM_22_0047_Multiome_fovea.h5mu,Homo Sapiens,HG38,model_training,model_training,model_training;control,Tissue,Retina,Healthy/Control,Control
GSE281526/GSE281526_BCM_22_0047_Multiome_macular_s1,GSE281526_BCM_22_0047_Multiome_macular_s1,GSE281526,GSE281526/GSE281526_BCM_22_0047_Multiome_macular_s1.h5mu,GSE281526_BCM_22_0047_Multiome_macular_s1.h5mu,Homo Sapiens,HG38,model_training,model_training,model_training;control,Tissue,Retina,Healthy/Control,Control
GSE281526/GSE281526_BCM_22_0047_Multiome_macular_s2,GSE281526_BCM_22_0047_Multiome_macular_s2,GSE281526,GSE281526/GSE281526_BCM_22_0047_Multiome_macular_s2.h5mu,GSE281526_BCM_22_0047_Multiome_macular_s2.h5mu,Homo Sapiens,HG38,model_training,model_training,model_training;control,Tissue,Retina,Healthy/Control,Control
GSE281526/GSE281526_BCM_22_0200_Multiome_fovea_1,GSE281526_BCM_22_0200_Multiome_fovea_1,GSE281526,GSE281526/GSE281526_BCM_22_0200_Multiome_fovea_1.h5mu,GSE281526_BCM_22_0200_Multiome_fovea_1.h5mu,Homo Sapiens,HG38,model_training,model_training,model_training;control,Tissue,Retina,Healthy/Control,Control
GSE281526/GSE281526_BCM_22_0200_Multiome_fovea_2,GSE281526_BCM_22_0200_Multiome_fovea_2,GSE281526,GSE281526/GSE281526_BCM_22_0200_Multiome_fovea_2.h5mu,GSE281526_BCM_22_0200_Multiome_fovea_2.h5mu,Homo Sapiens,HG38,model_training,model_training,model_training;control,Tissue,Retina,Healthy/Control,Control
GSE281526/GSE281526_BCM_22_0458_Multiome_fovea_s1_1,GSE281526_BCM_22_0458_Multiome_fovea_s1_1,GSE281526,GSE281526/GSE281526_BCM_22_0458_Multiome_fovea_s1_1.h5mu,GSE281526_BCM_22_0458_Multiome_fovea_s1_1.h5mu,Homo Sapiens,HG38,model_training,model_training,model_training;control,Tissue,Retina,Healthy/Control,Control
GSE281526/GSE281526_BCM_22_0458_Multiome_fovea_s1_2,GSE281526_BCM_22_0458_Multiome_fovea_s1_2,GSE281526,GSE281526/GSE281526_BCM_22_0458_Multiome_fovea_s1_2.h5mu,GSE281526_BCM_22_0458_Multiome_fovea_s1_2.h5mu,Homo Sapiens,HG38,model_training,model_training,model_training;control,Tissue,Retina,Healthy/Control,Control
GSE281526/GSE281526_BCM_22_0458_Multiome_fovea_s2,GSE281526_BCM_22_0458_Multiome_fovea_s2,GSE281526,GSE281526/GSE281526_BCM_22_0458_Multiome_fovea_s2.h5mu,GSE281526_BCM_22_0458_Multiome_fovea_s2.h5mu,Homo Sapiens,HG38,model_training,model_training,model_training;control,Tissue,Retina,Healthy/Control,Control
GSE281526/GSE281526_MMD_22_02443_Multiome_macular,GSE281526_MMD_22_02443_Multiome_macular,GSE281526,GSE281526/GSE281526_MMD_22_02443_Multiome_macular.h5mu,GSE281526_MMD_22_02443_Multiome_macular.h5mu,Homo Sapiens,HG38,model_training,model_training,model_training;control,Tissue,Retina,Healthy/Control,Control
GSE281526/GSE281526_MMD_22_16477_Multiome_macular,GSE281526_MMD_22_16477_Multiome_macular,GSE281526,GSE281526/GSE281526_MMD_22_16477_Multiome_macular.h5mu,GSE281526_MMD_22_16477_Multiome_macular.h5mu,Homo Sapiens,HG38,model_training,model_training,model_training;control,Tissue,Retina,Healthy/Control,Control
GSE281526/GSM8554306_212454-214122,GSM8554306_212454-214122,GSE281526,GSE281526/GSM8554306_212454-214122.h5mu,GSM8554306_212454-214122.h5mu,Homo Sapiens,HG38,model_training,model_training,model_training;control,Tissue,Retina,Healthy/Control,Control
GSE281526/GSM8554308_212455-214123,GSM8554308_212455-214123,GSE281526,GSE281526/GSM8554308_212455-214123.h5mu,GSM8554308_212455-214123.h5mu,Homo Sapiens,HG38,model_training,model_training,model_training;control,Tissue,Retina,Healthy/Control,Control
GSE281526/GSM8554310_212456-214124,GSM8554310_212456-214124,GSE281526,GSE281526/GSM8554310_212456-214124.h5mu,GSM8554310_212456-214124.h5mu,Homo Sapiens,HG38,model_training,model_training,model_training;control,Tissue,Retina,Healthy/Control,Control
GSE281526/GSM8554312_212457-214125,GSM8554312_212457-214125,GSE281526,GSE281526/GSM8554312_212457-214125.h5mu,GSM8554312_212457-214125.h5mu,Homo Sapiens,HG38,model_training,model_training,model_training;control,Tissue,Retina,Healthy/Control,Control
GSE281526/GSM8554314_212458-214126,GSM8554314_212458-214126,GSE281526,GSE281526/GSM8554314_212458-214126.h5mu,GSM8554314_212458-214126.h5mu,Homo Sapiens,HG38,model_training,model_training,model_training;control,Tissue,Retina,Healthy/Control,Control
GSE281526/GSM8554316_212460-214128,GSM8554316_212460-214128,GSE281526,GSE281526/GSM8554316_212460-214128.h5mu,GSM8554316_212460-214128.h5mu,Homo Sapiens,HG38,model_training,model_training,model_training;control,Tissue,Retina,Healthy/Control,Control
GSE283606/GSE283606,GSE283606,GSE283606,GSE283606/GSE283606.h5mu,GSE283606.h5mu,Homo Sapiens,HG38,model_training,model_training,model_training;disease_model;cancer,Tissue,Medulloblastoma PDX,Natural Disease,Medulloblastoma PDX
GSE286205/GSM8720909_KRAB_scMulti,GSM8720909_KRAB_scMulti,GSE286205,GSE286205/GSM8720909_KRAB_scMulti.h5mu,GSM8720909_KRAB_scMulti.h5mu,Homo Sapiens,HG19,model_training,model_training,model_training;induced_model;cell_line;perturbation,Cell Line,HAP1 (Cell Line),Induced Model,CRISPRi/KRAB
GSE286205/GSM8720910_KRAB,GSM8720910_KRAB,GSE286205,GSE286205/GSM8720910_KRAB.h5mu,GSM8720910_KRAB.h5mu,Homo Sapiens,HG19,model_training,model_training,model_training;induced_model;cell_line;perturbation,Cell Line,HAP1 (Cell Line),Induced Model,CRISPRi/KRAB
GSE286205/GSM8720912_VP64_scMulti,GSM8720912_VP64_scMulti,GSE286205,GSE286205/GSM8720912_VP64_scMulti.h5mu,GSM8720912_VP64_scMulti.h5mu,Homo Sapiens,HG19,model_training,model_training,model_training;induced_model;cell_line;perturbation,Cell Line,HAP1 (Cell Line),Induced Model,CRISPRa/VP64
GSE286205/GSM8720913_VP64,GSM8720913_VP64,GSE286205,GSE286205/GSM8720913_VP64.h5mu,GSM8720913_VP64.h5mu,Homo Sapiens,HG19,model_training,model_training,model_training;induced_model;cell_line;perturbation,Cell Line,HAP1 (Cell Line),Induced Model,CRISPRa/VP64
GSE286205/GSM8720915_Cas9_scMulti,GSM8720915_Cas9_scMulti,GSE286205,GSE286205/GSM8720915_Cas9_scMulti.h5mu,GSM8720915_Cas9_scMulti.h5mu,Homo Sapiens,HG19,model_training,model_training,model_training;induced_model;cell_line;perturbation,Cell Line,HAP1 (Cell Line),Induced Model,Control
GSE286205/GSM8720916_Cas9,GSM8720916_Cas9,GSE286205,GSE286205/GSM8720916_Cas9.h5mu,GSM8720916_Cas9.h5mu,Homo Sapiens,HG19,model_training,model_training,model_training;induced_model;cell_line;perturbation,Cell Line,HAP1 (Cell Line),Induced Model,Control
GSE286226/GSM8720909_KRAB_scMulti,GSM8720909_KRAB_scMulti,GSE286226,GSE286226/GSM8720909_KRAB_scMulti.h5mu,GSM8720909_KRAB_scMulti.h5mu,Homo Sapiens,HG19,model_training,model_training,model_training;induced_model;cell_line;perturbation,Cell Line,HAP1 (Cell Line),Induced Model,CRISPRi/KRAB
GSE286226/GSM8720910_KRAB,GSM8720910_KRAB,GSE286226,GSE286226/GSM8720910_KRAB.h5mu,GSM8720910_KRAB.h5mu,Homo Sapiens,HG19,model_training,model_training,model_training;induced_model;cell_line;perturbation,Cell Line,HAP1 (Cell Line),Induced Model,CRISPRi/KRAB
GSE286226/GSM8720912_VP64_scMulti,GSM8720912_VP64_scMulti,GSE286226,GSE286226/GSM8720912_VP64_scMulti.h5mu,GSM8720912_VP64_scMulti.h5mu,Homo Sapiens,HG19,model_training,model_training,model_training;induced_model;cell_line;perturbation,Cell Line,HAP1 (Cell Line),Induced Model,CRISPRa/VP64
GSE286226/GSM8720913_VP64,GSM8720913_VP64,GSE286226,GSE286226/GSM8720913_VP64.h5mu,GSM8720913_VP64.h5mu,Homo Sapiens,HG19,model_training,model_training,model_training;induced_model;cell_line;perturbation,Cell Line,HAP1 (Cell Line),Induced Model,CRISPRa/VP64
GSE286226/GSM8720915_Cas9_scMulti,GSM8720915_Cas9_scMulti,GSE286226,GSE286226/GSM8720915_Cas9_scMulti.h5mu,GSM8720915_Cas9_scMulti.h5mu,Homo Sapiens,HG19,model_training,model_training,model_training;induced_model;cell_line;perturbation,Cell Line,HAP1 (Cell Line),Induced Model,Control
GSE286226/GSM8720916_Cas9,GSM8720916_Cas9,GSE286226,GSE286226/GSM8720916_Cas9.h5mu,GSM8720916_Cas9.h5mu,Homo Sapiens,HG19,model_training,model_training,model_training;induced_model;cell_line;perturbation,Cell Line,HAP1 (Cell Line),Induced Model,Control
GSE291282/GSM8832709_D0,GSM8832709_D0,GSE291282,GSE291282/GSM8832709_D0.h5mu,GSM8832709_D0.h5mu,Homo Sapiens,HG38,model_training,model_training,model_training;disease_model;cell_line;organoid_or_differentiation_model;cancer,Cell Line,Prostate Cancer Organoid (Cell Line),Natural Disease,Control
GSE291282/GSM8832711_D7_Control,GSM8832711_D7_Control,GSE291282,GSE291282/GSM8832711_D7_Control.h5mu,GSM8832711_D7_Control.h5mu,Homo Sapiens,HG38,model_training,model_training,model_training;disease_model;cell_line;organoid_or_differentiation_model;cancer,Cell Line,Prostate Cancer Organoid (Cell Line),Natural Disease,Control
GSE291282/GSM8832713_D7_KD,GSM8832713_D7_KD,GSE291282,GSE291282/GSM8832713_D7_KD.h5mu,GSM8832713_D7_KD.h5mu,Homo Sapiens,HG38,model_training,model_training,model_training;induced_model;cell_line;organoid_or_differentiation_model;cancer;disease_model;perturbation,Cell Line,Prostate Cancer Organoid (Cell Line),Induced Model,KMT2D KD
GSE292095/GSM8848833_PDAC01,GSM8848833_PDAC01,GSE292095,GSE292095/GSM8848833_PDAC01.h5mu,GSM8848833_PDAC01.h5mu,Homo Sapiens,HG38,model_training,model_training,model_training;disease_model;cancer,Tissue,Pancreas Tumor,Natural Disease,PDAC
GSE292095/GSM8848835_PDAC02,GSM8848835_PDAC02,GSE292095,GSE292095/GSM8848835_PDAC02.h5mu,GSM8848835_PDAC02.h5mu,Homo Sapiens,HG38,model_training,model_training,model_training;disease_model;cancer,Tissue,Pancreas Tumor,Natural Disease,PDAC
GSE292095/GSM8848837_PDAC03,GSM8848837_PDAC03,GSE292095,GSE292095/GSM8848837_PDAC03.h5mu,GSM8848837_PDAC03.h5mu,Homo Sapiens,HG38,model_training,model_training,model_training;disease_model;cancer,Tissue,Pancreas Tumor,Natural Disease,PDAC
GSE292095/GSM8848839_PDAC04,GSM8848839_PDAC04,GSE292095,GSE292095/GSM8848839_PDAC04.h5mu,GSM8848839_PDAC04.h5mu,Homo Sapiens,HG38,model_training,model_training,model_training;disease_model;cancer,Tissue,Pancreas Tumor,Natural Disease,PDAC
GSE292095/GSM8848841_PDAC05,GSM8848841_PDAC05,GSE292095,GSE292095/GSM8848841_PDAC05.h5mu,GSM8848841_PDAC05.h5mu,Homo Sapiens,HG38,model_training,model_training,model_training;disease_model;cancer,Tissue,Pancreas Tumor,Natural Disease,PDAC
GSE292095/GSM8848843_PDAC06,GSM8848843_PDAC06,GSE292095,GSE292095/GSM8848843_PDAC06.h5mu,GSM8848843_PDAC06.h5mu,Homo Sapiens,HG38,model_training,model_training,model_training;disease_model;cancer,Tissue,Pancreas Tumor,Natural Disease,PDAC
GSE295166/GSE295166_CTRL2_B1,GSE295166_CTRL2_B1,GSE295166,GSE295166/GSE295166_CTRL2_B1.h5mu,GSE295166_CTRL2_B1.h5mu,Homo Sapiens,HG38,model_training,model_training,model_training;control;cell_line;organoid_or_differentiation_model,Cell Line,Cortical Organoid (Cell Line),Healthy/Control,Control
GSE295166/GSE295166_CTRL3_B1,GSE295166_CTRL3_B1,GSE295166,GSE295166/GSE295166_CTRL3_B1.h5mu,GSE295166_CTRL3_B1.h5mu,Homo Sapiens,HG38,model_training,model_training,model_training;control;cell_line;organoid_or_differentiation_model,Cell Line,Cortical Organoid (Cell Line),Healthy/Control,Control
GSE295166/GSE295166_SMS2_B1,GSE295166_SMS2_B1,GSE295166,GSE295166/GSE295166_SMS2_B1.h5mu,GSE295166_SMS2_B1.h5mu,Homo Sapiens,HG38,model_training,model_training,model_training;disease_model;cell_line;organoid_or_differentiation_model,Cell Line,Cortical Organoid (Cell Line),Natural Disease,SMS
GSE295977/GSM8962762_Multiome1,GSM8962762_Multiome1,GSE295977,GSE295977/GSM8962762_Multiome1.h5mu,GSM8962762_Multiome1.h5mu,Homo Sapiens,HG38,model_training,model_training,model_training;disease_model;cancer,Tissue,Lung Tumor,Natural Disease,Lung Cancer
GSE296599/GSM8973261,GSM8973261,GSE296599,GSE296599/GSM8973261.h5mu,GSM8973261.h5mu,Homo Sapiens,HG38,model_training,model_training,model_training;disease_model;cancer,Tissue,Ovary Tumor,Natural Disease,HGSOC
GSE296943/GSE296943_Control1,GSE296943_Control1,GSE296943,GSE296943/GSE296943_Control1.h5mu,GSE296943_Control1.h5mu,Homo Sapiens,HG38,model_training,model_training,model_training;control;perturbation,Tissue,Brain,Healthy/Control,Control
GSE296943/GSE296943_Control2,GSE296943_Control2,GSE296943,GSE296943/GSE296943_Control2.h5mu,GSE296943_Control2.h5mu,Homo Sapiens,HG38,model_training,model_training,model_training;control;perturbation,Tissue,Brain,Healthy/Control,Control
GSE296943/GSE296943_Hand1,GSE296943_Hand1,GSE296943,GSE296943/GSE296943_Hand1.h5mu,GSE296943_Hand1.h5mu,Homo Sapiens,HG38,model_training,model_training,model_training;disease_model;perturbation,Tissue,Brain,Natural Disease,HAND
GSE296943/GSE296943_Hand2,GSE296943_Hand2,GSE296943,GSE296943/GSE296943_Hand2.h5mu,GSE296943_Hand2.h5mu,Homo Sapiens,HG38,model_training,model_training,model_training;disease_model;perturbation,Tissue,Brain,Natural Disease,HAND
GSE297350/GSM8989065,GSM8989065,GSE297350,GSE297350/GSM8989065.h5mu,GSM8989065.h5mu,Homo Sapiens,HG38,model_training,model_training,model_training;disease_model;cancer,Tissue,Ovary Tumor,Natural Disease,HGSOC
GSE297529/GSM8994059_HC01,GSM8994059_HC01,GSE297529,GSE297529/GSM8994059_HC01.h5mu,GSM8994059_HC01.h5mu,Homo Sapiens,HG38,model_training,model_training,model_training;control,Tissue,PBMC,Healthy/Control,Control
GSE297529/GSM8994060_HC02,GSM8994060_HC02,GSE297529,GSE297529/GSM8994060_HC02.h5mu,GSM8994060_HC02.h5mu,Homo Sapiens,HG38,model_training,model_training,model_training;control,Tissue,PBMC,Healthy/Control,Control
GSE297529/GSM8994061_HC03,GSM8994061_HC03,GSE297529,GSE297529/GSM8994061_HC03.h5mu,GSM8994061_HC03.h5mu,Homo Sapiens,HG38,model_training,model_training,model_training;control,Tissue,PBMC,Healthy/Control,Control
GSE297529/GSM8994062_PB01,GSM8994062_PB01,GSE297529,GSE297529/GSM8994062_PB01.h5mu,GSM8994062_PB01.h5mu,Homo Sapiens,HG38,model_training,model_training,model_training;disease_model,Tissue,PBMC,Natural Disease,COVID-19
GSE297529/GSM8994063_PB02,GSM8994063_PB02,GSE297529,GSE297529/GSM8994063_PB02.h5mu,GSM8994063_PB02.h5mu,Homo Sapiens,HG38,model_training,model_training,model_training;disease_model,Tissue,PBMC,Natural Disease,COVID-19
GSE297529/GSM8994064_PB03,GSM8994064_PB03,GSE297529,GSE297529/GSM8994064_PB03.h5mu,GSM8994064_PB03.h5mu,Homo Sapiens,HG38,model_training,model_training,model_training;disease_model,Tissue,PBMC,Natural Disease,COVID-19
GSE297529/GSM8994065_PB04,GSM8994065_PB04,GSE297529,GSE297529/GSM8994065_PB04.h5mu,GSM8994065_PB04.h5mu,Homo Sapiens,HG38,model_training,model_training,model_training;disease_model,Tissue,PBMC,Natural Disease,COVID-19
GSE297529/GSM8994066_PB05,GSM8994066_PB05,GSE297529,GSE297529/GSM8994066_PB05.h5mu,GSM8994066_PB05.h5mu,Homo Sapiens,HG38,model_training,model_training,model_training;disease_model,Tissue,PBMC,Natural Disease,COVID-19
GSE297529/GSM8994067_PB06,GSM8994067_PB06,GSE297529,GSE297529/GSM8994067_PB06.h5mu,GSM8994067_PB06.h5mu,Homo Sapiens,HG38,model_training,model_training,model_training;disease_model,Tissue,PBMC,Natural Disease,COVID-19
GSE297529/GSM8994069_PB08,GSM8994069_PB08,GSE297529,GSE297529/GSM8994069_PB08.h5mu,GSM8994069_PB08.h5mu,Homo Sapiens,HG38,model_training,model_training,model_training;disease_model,Tissue,PBMC,Natural Disease,COVID-19
GSE297529/GSM8994070_PB09,GSM8994070_PB09,GSE297529,GSE297529/GSM8994070_PB09.h5mu,GSM8994070_PB09.h5mu,Homo Sapiens,HG38,model_training,model_training,model_training;disease_model,Tissue,PBMC,Natural Disease,COVID-19
GSE297529/GSM8994071_PB10,GSM8994071_PB10,GSE297529,GSE297529/GSM8994071_PB10.h5mu,GSM8994071_PB10.h5mu,Homo Sapiens,HG38,model_training,model_training,model_training;disease_model,Tissue,PBMC,Natural Disease,COVID-19
GSE297529/GSM8994072_PB11,GSM8994072_PB11,GSE297529,GSE297529/GSM8994072_PB11.h5mu,GSM8994072_PB11.h5mu,Homo Sapiens,HG38,model_training,model_training,model_training;disease_model,Tissue,PBMC,Natural Disease,COVID-19
GSE297529/GSM8994073_PB12,GSM8994073_PB12,GSE297529,GSE297529/GSM8994073_PB12.h5mu,GSM8994073_PB12.h5mu,Homo Sapiens,HG38,model_training,model_training,model_training;disease_model,Tissue,PBMC,Natural Disease,COVID-19
GSE297529/GSM8994074_PB13,GSM8994074_PB13,GSE297529,GSE297529/GSM8994074_PB13.h5mu,GSM8994074_PB13.h5mu,Homo Sapiens,HG38,model_training,model_training,model_training;disease_model,Tissue,PBMC,Natural Disease,COVID-19
GSE297529/GSM8994075_PB14,GSM8994075_PB14,GSE297529,GSE297529/GSM8994075_PB14.h5mu,GSM8994075_PB14.h5mu,Homo Sapiens,HG38,model_training,model_training,model_training;disease_model,Tissue,PBMC,Natural Disease,COVID-19
GSE299801/GSM9046296_subject_5,GSM9046296_subject_5,GSE299801,GSE299801/GSM9046296_subject_5.h5mu,GSM9046296_subject_5.h5mu,Homo Sapiens,HG38,model_training,model_training,model_training;induced_model;perturbation,Tissue,PBMC,Induced Model,HPV Vaccine Response
GSE299801/GSM9046298_subject_6,GSM9046298_subject_6,GSE299801,GSE299801/GSM9046298_subject_6.h5mu,GSM9046298_subject_6.h5mu,Homo Sapiens,HG38,model_training,model_training,model_training;induced_model;perturbation,Tissue,PBMC,Induced Model,HPV Vaccine Response
GSE299801/GSM9046300_subject_7,GSM9046300_subject_7,GSE299801,GSE299801/GSM9046300_subject_7.h5mu,GSM9046300_subject_7.h5mu,Homo Sapiens,HG38,model_training,model_training,model_training;induced_model;perturbation,Tissue,PBMC,Induced Model,HPV Vaccine Response
GSE299801/GSM9046302_subject_8,GSM9046302_subject_8,GSE299801,GSE299801/GSM9046302_subject_8.h5mu,GSM9046302_subject_8.h5mu,Homo Sapiens,HG38,model_training,model_training,model_training;induced_model;perturbation,Tissue,PBMC,Induced Model,HPV Vaccine Response
GSE299801/GSM9046304_subject_9,GSM9046304_subject_9,GSE299801,GSE299801/GSM9046304_subject_9.h5mu,GSM9046304_subject_9.h5mu,Homo Sapiens,HG38,model_training,model_training,model_training;induced_model;perturbation,Tissue,PBMC,Induced Model,HPV Vaccine Response
GSE299801/GSM9046306_subject_10,GSM9046306_subject_10,GSE299801,GSE299801/GSM9046306_subject_10.h5mu,GSM9046306_subject_10.h5mu,Homo Sapiens,HG38,model_training,model_training,model_training;induced_model;perturbation,Tissue,PBMC,Induced Model,HPV Vaccine Response
GSE299801/GSM9046308_subject_13,GSM9046308_subject_13,GSE299801,GSE299801/GSM9046308_subject_13.h5mu,GSM9046308_subject_13.h5mu,Homo Sapiens,HG38,model_training,model_training,model_training;induced_model;perturbation,Tissue,PBMC,Induced Model,HPV Vaccine Response
GSE299801/GSM9046310_subject_14,GSM9046310_subject_14,GSE299801,GSE299801/GSM9046310_subject_14.h5mu,GSM9046310_subject_14.h5mu,Homo Sapiens,HG38,model_training,model_training,model_training;induced_model;perturbation,Tissue,PBMC,Induced Model,HPV Vaccine Response
GSE302266/GSM9100653_Day7_filtered_feature_bc_matrix,GSM9100653_Day7_filtered_feature_bc_matrix,GSE302266,GSE302266/GSM9100653_Day7_filtered_feature_bc_matrix.h5mu,GSM9100653_Day7_filtered_feature_bc_matrix.h5mu,Homo Sapiens,HG38,model_training,model_training,model_training;induced_model;cell_line;organoid_or_differentiation_model,Cell Line,Kidney Organoid (Cell Line),Induced Model,Day 7
GSE302266/GSM9100655_Day12_filtered_feature_bc_matrix,GSM9100655_Day12_filtered_feature_bc_matrix,GSE302266,GSE302266/GSM9100655_Day12_filtered_feature_bc_matrix.h5mu,GSM9100655_Day12_filtered_feature_bc_matrix.h5mu,Homo Sapiens,HG38,model_training,model_training,model_training;induced_model;cell_line;organoid_or_differentiation_model,Cell Line,Kidney Organoid (Cell Line),Induced Model,Day 12
GSE302266/GSM9100657_Day19_filtered_feature_bc_matrix,GSM9100657_Day19_filtered_feature_bc_matrix,GSE302266,GSE302266/GSM9100657_Day19_filtered_feature_bc_matrix.h5mu,GSM9100657_Day19_filtered_feature_bc_matrix.h5mu,Homo Sapiens,HG38,model_training,model_training,model_training;induced_model;cell_line;organoid_or_differentiation_model,Cell Line,Kidney Organoid (Cell Line),Induced Model,Day 19
GSE302266/GSM9100659_Day25_filtered_feature_bc_matrix,GSM9100659_Day25_filtered_feature_bc_matrix,GSE302266,GSE302266/GSM9100659_Day25_filtered_feature_bc_matrix.h5mu,GSM9100659_Day25_filtered_feature_bc_matrix.h5mu,Homo Sapiens,HG38,model_training,model_training,model_training;induced_model;cell_line;organoid_or_differentiation_model,Cell Line,Kidney Organoid (Cell Line),Induced Model,Day 25
GSE302350/GSM9102443_19235RX1,GSM9102443_19235RX1,GSE302350,GSE302350/GSM9102443_19235RX1.h5mu,GSM9102443_19235RX1.h5mu,Homo Sapiens,None,model_training,model_training,model_training;control;cell_line;organoid_or_differentiation_model;perturbation;perturbation_control,Cell Line,Cerebral Organoid (Cell Line),Healthy/Control,Control
GSE302350/GSM9102444_19235RX2,GSM9102444_19235RX2,GSE302350,GSE302350/GSM9102444_19235RX2.h5mu,GSM9102444_19235RX2.h5mu,Homo Sapiens,None,model_training,model_training,model_training;control;cell_line;organoid_or_differentiation_model;perturbation;perturbation_control,Cell Line,Cerebral Organoid (Cell Line),Healthy/Control,Control
GSE302350/GSM9102445_19235RX3,GSM9102445_19235RX3,GSE302350,GSE302350/GSM9102445_19235RX3.h5mu,GSM9102445_19235RX3.h5mu,Homo Sapiens,None,model_training,model_training,model_training;induced_model;cell_line;organoid_or_differentiation_model;perturbation,Cell Line,Cerebral Organoid (Cell Line),Induced Model,KMT2D KO
GSE302350/GSM9102446_19235RX4,GSM9102446_19235RX4,GSE302350,GSE302350/GSM9102446_19235RX4.h5mu,GSM9102446_19235RX4.h5mu,Homo Sapiens,None,model_training,model_training,model_training;induced_model;cell_line;organoid_or_differentiation_model;perturbation,Cell Line,Cerebral Organoid (Cell Line),Induced Model,KMT2D KO
GSE302350/GSM9102447_19311RX1,GSM9102447_19311RX1,GSE302350,GSE302350/GSM9102447_19311RX1.h5mu,GSM9102447_19311RX1.h5mu,Homo Sapiens,None,model_training,model_training,model_training;control;cell_line;organoid_or_differentiation_model;perturbation;perturbation_control,Cell Line,Cerebral Organoid (Cell Line),Healthy/Control,Control
GSE302350/GSM9102448_19311RX2,GSM9102448_19311RX2,GSE302350,GSE302350/GSM9102448_19311RX2.h5mu,GSM9102448_19311RX2.h5mu,Homo Sapiens,None,model_training,model_training,model_training;control;cell_line;organoid_or_differentiation_model;perturbation;perturbation_control,Cell Line,Cerebral Organoid (Cell Line),Healthy/Control,Control
GSE302350/GSM9102449_19311RX3,GSM9102449_19311RX3,GSE302350,GSE302350/GSM9102449_19311RX3.h5mu,GSM9102449_19311RX3.h5mu,Homo Sapiens,None,model_training,model_training,model_training;induced_model;cell_line;organoid_or_differentiation_model;perturbation,Cell Line,Cerebral Organoid (Cell Line),Induced Model,KMT2D KO
GSE302350/GSM9102450_19311RX4,GSM9102450_19311RX4,GSE302350,GSE302350/GSM9102450_19311RX4.h5mu,GSM9102450_19311RX4.h5mu,Homo Sapiens,None,model_training,model_training,model_training;induced_model;cell_line;organoid_or_differentiation_model;perturbation,Cell Line,Cerebral Organoid (Cell Line),Induced Model,KMT2D KO
GSE307240/GSM9219737_PDX_OS107,GSM9219737_PDX_OS107,GSE307240,GSE307240/GSM9219737_PDX_OS107.h5mu,GSM9219737_PDX_OS107.h5mu,Homo Sapiens,HG38,model_training,model_training,model_training;disease_model;cancer,Tissue,Osteosarcoma PDX,Natural Disease,Osteosarcoma PDX
GSE307240/GSM9219739_PDX_OS526,GSM9219739_PDX_OS526,GSE307240,GSE307240/GSM9219739_PDX_OS526.h5mu,GSM9219739_PDX_OS526.h5mu,Homo Sapiens,HG38,model_training,model_training,model_training;disease_model;cancer,Tissue,Osteosarcoma PDX,Natural Disease,Osteosarcoma PDX
GSE307240/GSM9219741_PDX_OS774,GSM9219741_PDX_OS774,GSE307240,GSE307240/GSM9219741_PDX_OS774.h5mu,GSM9219741_PDX_OS774.h5mu,Homo Sapiens,HG38,model_training,model_training,model_training;disease_model;cancer,Tissue,Osteosarcoma PDX,Natural Disease,Osteosarcoma PDX
GSE307240/GSM9219743_PDX_OS833,GSM9219743_PDX_OS833,GSE307240,GSE307240/GSM9219743_PDX_OS833.h5mu,GSM9219743_PDX_OS833.h5mu,Homo Sapiens,HG38,model_training,model_training,model_training;disease_model;cancer,Tissue,Osteosarcoma PDX,Natural Disease,Osteosarcoma PDX
GSE307240/GSM9219745_PDX_384_atac,GSM9219745_PDX_384_atac,GSE307240,GSE307240/GSM9219745_PDX_384_atac.h5mu,GSM9219745_PDX_384_atac.h5mu,Homo Sapiens,HG38,model_training,model_training,model_training;disease_model;cancer,Tissue,Osteosarcoma PDX,Natural Disease,Osteosarcoma PDX
GSE309268/GSM9264129_UPN2855P,GSM9264129_UPN2855P,GSE309268,GSE309268/GSM9264129_UPN2855P.h5mu,GSM9264129_UPN2855P.h5mu,Homo Sapiens,HG38,model_training,model_training,model_training;disease_model;cancer,Tissue,Neuroblastoma Tumor,Natural Disease,Primary Tumor
GSE309268/GSM9264131_UPN3651P,GSM9264131_UPN3651P,GSE309268,GSE309268/GSM9264131_UPN3651P.h5mu,GSM9264131_UPN3651P.h5mu,Homo Sapiens,HG38,model_training,model_training,model_training;disease_model;cancer,Tissue,Neuroblastoma Tumor,Natural Disease,Primary Tumor
GSE309268/GSM9264133_UPN3031P,GSM9264133_UPN3031P,GSE309268,GSE309268/GSM9264133_UPN3031P.h5mu,GSM9264133_UPN3031P.h5mu,Homo Sapiens,HG38,model_training,model_training,model_training;disease_model;cancer,Tissue,Neuroblastoma Tumor,Natural Disease,Primary Tumor
GSE309268/GSM9264135_UPN2045P,GSM9264135_UPN2045P,GSE309268,GSE309268/GSM9264135_UPN2045P.h5mu,GSM9264135_UPN2045P.h5mu,Homo Sapiens,HG38,model_training,model_training,model_training;disease_model;cancer,Tissue,Neuroblastoma Tumor,Natural Disease,Primary Tumor
GSE309268/GSM9264137_UPN200M,GSM9264137_UPN200M,GSE309268,GSE309268/GSM9264137_UPN200M.h5mu,GSM9264137_UPN200M.h5mu,Homo Sapiens,HG38,model_training,model_training,model_training;disease_model;cancer,Tissue,Neuroblastoma Tumor,Natural Disease,Metastasis
GSE309268/GSM9264139_UPN3284M,GSM9264139_UPN3284M,GSE309268,GSE309268/GSM9264139_UPN3284M.h5mu,GSM9264139_UPN3284M.h5mu,Homo Sapiens,HG38,model_training,model_training,model_training;disease_model;cancer,Tissue,Neuroblastoma Tumor,Natural Disease,Metastasis
GSE309268/GSM9264141_UPN2099M,GSM9264141_UPN2099M,GSE309268,GSE309268/GSM9264141_UPN2099M.h5mu,GSM9264141_UPN2099M.h5mu,Homo Sapiens,HG38,model_training,model_training,model_training;disease_model;cancer,Tissue,Neuroblastoma Tumor,Natural Disease,Metastasis
GSE309268/GSM9264143_UPN2792M,GSM9264143_UPN2792M,GSE309268,GSE309268/GSM9264143_UPN2792M.h5mu,GSM9264143_UPN2792M.h5mu,Homo Sapiens,HG38,model_training,model_training,model_training;disease_model;cancer,Tissue,Neuroblastoma Tumor,Natural Disease,Metastasis
GSE309268/GSM9264145_UPN200P,GSM9264145_UPN200P,GSE309268,GSE309268/GSM9264145_UPN200P.h5mu,GSM9264145_UPN200P.h5mu,Homo Sapiens,HG38,model_training,model_training,model_training;disease_model;cancer,Tissue,Neuroblastoma Tumor,Natural Disease,Primary Tumor
GSE309268/GSM9264146_UPN3284P,GSM9264146_UPN3284P,GSE309268,GSE309268/GSM9264146_UPN3284P.h5mu,GSM9264146_UPN3284P.h5mu,Homo Sapiens,HG38,model_training,model_training,model_training;disease_model;cancer,Tissue,Neuroblastoma Tumor,Natural Disease,Primary Tumor
GSE309268/GSM9264147_UPN1177M,GSM9264147_UPN1177M,GSE309268,GSE309268/GSM9264147_UPN1177M.h5mu,GSM9264147_UPN1177M.h5mu,Homo Sapiens,HG38,model_training,model_training,model_training;disease_model;cancer,Tissue,Neuroblastoma Tumor,Natural Disease,Metastasis
GSE311423/GSM9324874_LI004_gex,GSM9324874_LI004_gex,GSE311423,GSE311423/GSM9324874_LI004_gex.h5mu,GSM9324874_LI004_gex.h5mu,Homo Sapiens,HG38,model_training,model_training,model_training;control,Tissue,Spleen,Healthy/Control,Control
GSE311423/GSM9324876_LI018_gex,GSM9324876_LI018_gex,GSE311423,GSE311423/GSM9324876_LI018_gex.h5mu,GSM9324876_LI018_gex.h5mu,Homo Sapiens,HG38,model_training,model_training,model_training;control,Tissue,Spleen,Healthy/Control,Control
GSE311423/GSM9324878_HDL163_gex,GSM9324878_HDL163_gex,GSE311423,GSE311423/GSM9324878_HDL163_gex.h5mu,GSM9324878_HDL163_gex.h5mu,Homo Sapiens,HG38,model_training,model_training,model_training;control,Tissue,Spleen,Healthy/Control,Control
GSE311423/GSM9324880_PDC142_gex,GSM9324880_PDC142_gex,GSE311423,GSE311423/GSM9324880_PDC142_gex.h5mu,GSM9324880_PDC142_gex.h5mu,Homo Sapiens,HG38,model_training,model_training,model_training;control,Tissue,Spleen,Healthy/Control,Control
GSE311423/GSM9324882_PDC149_gex,GSM9324882_PDC149_gex,GSE311423,GSE311423/GSM9324882_PDC149_gex.h5mu,GSM9324882_PDC149_gex.h5mu,Homo Sapiens,HG38,model_training,model_training,model_training;control,Tissue,Spleen,Healthy/Control,Control
GSE319044/GSE319044_Lung_aggr,GSE319044_Lung_aggr,GSE319044,GSE319044/GSE319044_Lung_aggr.h5mu,GSE319044_Lung_aggr.h5mu,Homo Sapiens,HG38,model_training,model_training,model_training;control,Tissue,Lung,Healthy/Control,Control
GSE319044/GSE319044_Spleen_aggr,GSE319044_Spleen_aggr,GSE319044,GSE319044/GSE319044_Spleen_aggr.h5mu,GSE319044_Spleen_aggr.h5mu,Homo Sapiens,HG38,model_training,model_training,model_training;control,Tissue,Spleen,Healthy/Control,Control
GSE319044/GSM9508610_Lung-COB-11,GSM9508610_Lung-COB-11,GSE319044,GSE319044/GSM9508610_Lung-COB-11.h5mu,GSM9508610_Lung-COB-11.h5mu,Homo Sapiens,HG38,model_training,model_training,model_training;control,Tissue,Lung,Healthy/Control,Control
GSE319044/GSM9508611_Lung-COB-5,GSM9508611_Lung-COB-5,GSE319044,GSE319044/GSM9508611_Lung-COB-5.h5mu,GSM9508611_Lung-COB-5.h5mu,Homo Sapiens,HG38,model_training,model_training,model_training;control,Tissue,Lung,Healthy/Control,Control
GSE319044/GSM9508612_Lung-COB-6,GSM9508612_Lung-COB-6,GSE319044,GSE319044/GSM9508612_Lung-COB-6.h5mu,GSM9508612_Lung-COB-6.h5mu,Homo Sapiens,HG38,model_training,model_training,model_training;control,Tissue,Lung,Healthy/Control,Control
GSE319044/GSM9508613_Lung-SMO-05,GSM9508613_Lung-SMO-05,GSE319044,GSE319044/GSM9508613_Lung-SMO-05.h5mu,GSM9508613_Lung-SMO-05.h5mu,Homo Sapiens,HG38,model_training,model_training,model_training;control,Tissue,Lung,Healthy/Control,Control
GSE319044/GSM9508614_Lung-SMO-07,GSM9508614_Lung-SMO-07,GSE319044,GSE319044/GSM9508614_Lung-SMO-07.h5mu,GSM9508614_Lung-SMO-07.h5mu,Homo Sapiens,HG38,model_training,model_training,model_training;control,Tissue,Lung,Healthy/Control,Control
GSE319044/GSM9508615_Lung-SMO-08,GSM9508615_Lung-SMO-08,GSE319044,GSE319044/GSM9508615_Lung-SMO-08.h5mu,GSM9508615_Lung-SMO-08.h5mu,Homo Sapiens,HG38,model_training,model_training,model_training;control,Tissue,Lung,Healthy/Control,Control
GSE319044/GSM9508616_Lung-SMO-09,GSM9508616_Lung-SMO-09,GSE319044,GSE319044/GSM9508616_Lung-SMO-09.h5mu,GSM9508616_Lung-SMO-09.h5mu,Homo Sapiens,HG38,model_training,model_training,model_training;control,Tissue,Lung,Healthy/Control,Control
GSE319044/GSM9508617_Lung-SMO-2,GSM9508617_Lung-SMO-2,GSE319044,GSE319044/GSM9508617_Lung-SMO-2.h5mu,GSM9508617_Lung-SMO-2.h5mu,Homo Sapiens,HG38,model_training,model_training,model_training;control,Tissue,Lung,Healthy/Control,Control
GSE319044/GSM9508618_Lung-SMO-3,GSM9508618_Lung-SMO-3,GSE319044,GSE319044/GSM9508618_Lung-SMO-3.h5mu,GSM9508618_Lung-SMO-3.h5mu,Homo Sapiens,HG38,model_training,model_training,model_training;control,Tissue,Lung,Healthy/Control,Control
GSE319044/GSM9508628_Spleen-COB-10,GSM9508628_Spleen-COB-10,GSE319044,GSE319044/GSM9508628_Spleen-COB-10.h5mu,GSM9508628_Spleen-COB-10.h5mu,Homo Sapiens,HG38,model_training,model_training,model_training;control,Tissue,Spleen,Healthy/Control,Control
GSE319044/GSM9508629_Spleen-COB-7,GSM9508629_Spleen-COB-7,GSE319044,GSE319044/GSM9508629_Spleen-COB-7.h5mu,GSM9508629_Spleen-COB-7.h5mu,Homo Sapiens,HG38,model_training,model_training,model_training;control,Tissue,Spleen,Healthy/Control,Control
GSE319044/GSM9508630_Spleen-COB-8,GSM9508630_Spleen-COB-8,GSE319044,GSE319044/GSM9508630_Spleen-COB-8.h5mu,GSM9508630_Spleen-COB-8.h5mu,Homo Sapiens,HG38,model_training,model_training,model_training;control,Tissue,Spleen,Healthy/Control,Control
GSE319044/GSM9508631_Spleen-COB-9,GSM9508631_Spleen-COB-9,GSE319044,GSE319044/GSM9508631_Spleen-COB-9.h5mu,GSM9508631_Spleen-COB-9.h5mu,Homo Sapiens,HG38,model_training,model_training,model_training;control,Tissue,Spleen,Healthy/Control,Control
GSE319044/GSM9508632_Spleen-SMO-04,GSM9508632_Spleen-SMO-04,GSE319044,GSE319044/GSM9508632_Spleen-SMO-04.h5mu,GSM9508632_Spleen-SMO-04.h5mu,Homo Sapiens,HG38,model_training,model_training,model_training;control,Tissue,Spleen,Healthy/Control,Control
GSE319044/GSM9508633_Spleen-SMO-10,GSM9508633_Spleen-SMO-10,GSE319044,GSE319044/GSM9508633_Spleen-SMO-10.h5mu,GSM9508633_Spleen-SMO-10.h5mu,Homo Sapiens,HG38,model_training,model_training,model_training;control,Tissue,Spleen,Healthy/Control,Control
GSE319044/GSM9508634_Spleen-SMO-1,GSM9508634_Spleen-SMO-1,GSE319044,GSE319044/GSM9508634_Spleen-SMO-1.h5mu,GSM9508634_Spleen-SMO-1.h5mu,Homo Sapiens,HG38,model_training,model_training,model_training;control,Tissue,Spleen,Healthy/Control,Control
